,name,naverURL
0,가산낚시터 (구 우금저수지),"https://map.naver.com/p/search/%EA%B0%80%EC%82%B0%EB%82%9A%EC%8B%9C%ED%84%B0%20%28%EA%B5%AC%20%EC%9A%B0%EA%B8%88%EC%A0%80%EC%88%98%EC%A7%80%29/?c=15.00,0,0,0,dh"
1,가평 레이크리조트,"https://map.naver.com/p/search/%EA%B0%80%ED%8F%89%20%EB%A0%88%EC%9D%B4%ED%81%AC%EB%A6%AC%EC%A1%B0%ED%8A%B8/place/959313066?c=15.00,0,0,0,dh&placePath=/review&isCorrectAnswer=true"
2,가평빠지 클럽비발디 수상레저,"https://map.naver.com/p/search/%EA%B0%80%ED%8F%89%EB%B9%A0%EC%A7%80%20%ED%81%B4%EB%9F%BD%EB%B9%84%EB%B0%9C%EB%94%94%20%EC%88%98%EC%83%81%EB%A0%88%EC%A0%80/place/37942040?c=15.00,0,0,0,dh&placePath=/review&isCorrectAnswer=true"
3,각평낚시터,"https://map.naver.com/p/search/%EA%B0%81%ED%8F%89%EB%82%9A%EC%8B%9C%ED%84%B0/?c=15.00,0,0,0,dh"
4,갈도,"https://map.naver.com/p/search/%EA%B0%88%EB%8F%84/?c=15.00,0,0,0,dh"
5,갈매기배낚시,"https://map.naver.com/p/search/%EA%B0%88%EB%A7%A4%EA%B8%B0%EB%B0%B0%EB%82%9A%EC%8B%9C/?c=15.00,0,0,0,dh"
6,감악산낚시터 레저타운,"https://map.naver.com/p/search/%EA%B0%90%EC%95%85%EC%82%B0%EB%82%9A%EC%8B%9C%ED%84%B0%20%EB%A0%88%EC%A0%80%ED%83%80%EC%9A%B4/place/1000856371?c=15.00,0,0,0,dh&placePath=/review&isCorrectAnswer=true"
7,감포방파제,"https://map.naver.com/p/search/%EA%B0%90%ED%8F%AC%EB%B0%A9%ED%8C%8C%EC%A0%9C/?c=15.00,0,0,0,dh"
8,강나루래프팅,"https://map.naver.com/p/search/%EA%B0%95%EB%82%98%EB%A3%A8%EB%9E%98%ED%94%84%ED%8C%85/place/11890512?c=15.00,0,0,0,dh&placePath=/review&isCorrectAnswer=true"
9,강사랑래프팅,"https://map.naver.com/p/search/%EA%B0%95%EC%82%AC%EB%9E%91%EB%9E%98%ED%94%84%ED%8C%85/place/20278013?c=15.00,0,0,0,dh&placePath=/review&isCorrectAnswer=true"
10,강천섬수상레저,"https://map.naver.com/p/search/%EA%B0%95%EC%B2%9C%EC%84%AC%EC%88%98%EC%83%81%EB%A0%88%EC%A0%80/place/1178411526?c=15.00,0,0,0,dh&placePath=/review&isCorrectAnswer=true"
11,강화도 황청낚시터,"https://map.naver.com/p/search/%EA%B0%95%ED%99%94%EB%8F%84%20%ED%99%A9%EC%B2%AD%EB%82%9A%EC%8B%9C%ED%84%B0/place/12134298?c=15.00,0,0,0,dh&placePath=/review&isCorrectAnswer=true"
12,갬주리코지(볼락코지),"https://map.naver.com/p/search/%EA%B0%AC%EC%A3%BC%EB%A6%AC%EC%BD%94%EC%A7%80%28%EB%B3%BC%EB%9D%BD%EC%BD%94%EC%A7%80%29/?c=15.00,0,0,0,dh"
13,거금해양낚시공원,"https://map.naver.com/p/search/%EA%B1%B0%EA%B8%88%ED%95%B4%EC%96%91%EB%82%9A%EC%8B%9C%EA%B3%B5%EC%9B%90/?c=15.00,0,0,0,dh"
14,거두리낚시터,"https://map.naver.com/p/search/%EA%B1%B0%EB%91%90%EB%A6%AC%EB%82%9A%EC%8B%9C%ED%84%B0/place/13432733?c=15.00,0,0,0,dh&placePath=/review&isCorrectAnswer=true"
15,거진방파제,"https://map.naver.com/p/search/%EA%B1%B0%EC%A7%84%EB%B0%A9%ED%8C%8C%EC%A0%9C/place/37805167?c=15.00,0,0,0,dh&placePath=/review&isCorrectAnswer=true"
16,거청낚시터,"https://map.naver.com/p/search/%EA%B1%B0%EC%B2%AD%EB%82%9A%EC%8B%9C%ED%84%B0/place/11831150?c=15.00,0,0,0,dh&placePath=/review&isCorrectAnswer=true"
17,건등낚시터,"https://map.naver.com/p/search/%EA%B1%B4%EB%93%B1%EB%82%9A%EC%8B%9C%ED%84%B0/place/924839942?c=15.00,0,0,0,dh&placePath=/review&isCorrectAnswer=true"
18,검단수로,"https://map.naver.com/p/search/%EA%B2%80%EB%8B%A8%EC%88%98%EB%A1%9C/?c=12.00,0,0,0,dh"
19,경민호,"https://map.naver.com/p/search/%EA%B2%BD%EB%AF%BC%ED%98%B8/?c=15.00,0,0,0,dh"
20,경천호,"https://map.naver.com/p/search/%EA%B2%BD%EC%B2%9C%ED%98%B8/place/1274844345?c=15.00,0,0,0,dh&placePath=/review&isCorrectAnswer=true"
21,경호강래프팅,"https://map.naver.com/p/search/%EA%B2%BD%ED%98%B8%EA%B0%95%EB%9E%98%ED%94%84%ED%8C%85/?c=14.00,0,0,0,dh"
22,계룡저수지,"https://map.naver.com/p/search/%EA%B3%84%EB%A3%A1%EC%A0%80%EC%88%98%EC%A7%80/?c=15.00,0,0,0,dh"
23,계수낚시터,"https://map.naver.com/p/search/%EA%B3%84%EC%88%98%EB%82%9A%EC%8B%9C%ED%84%B0/?c=15.00,0,0,0,dh"
24,계양낚시터,"https://map.naver.com/p/search/%EA%B3%84%EC%96%91%EB%82%9A%EC%8B%9C%ED%84%B0/?c=10.00,0,0,0,dh"
25,고군산군도,"https://map.naver.com/p/search/%EA%B3%A0%EA%B5%B0%EC%82%B0%EA%B5%B0%EB%8F%84/?c=15.00,0,0,0,dh"
26,고담낚시터,"https://map.naver.com/p/search/%EA%B3%A0%EB%8B%B4%EB%82%9A%EC%8B%9C%ED%84%B0/?c=12.00,0,0,0,dh"
27,고덕사회체육센터(실내수영장),"https://map.naver.com/p/search/%EA%B3%A0%EB%8D%95%EC%82%AC%ED%9A%8C%EC%B2%B4%EC%9C%A1%EC%84%BC%ED%84%B0%28%EC%8B%A4%EB%82%B4%EC%88%98%EC%98%81%EC%9E%A5%29/place/20316329?c=15.00,0,0,0,dh&placePath=/review&isCorrectAnswer=true"
28,고북신송지,"https://map.naver.com/p/search/%EA%B3%A0%EB%B6%81%EC%8B%A0%EC%86%A1%EC%A7%80/place/17594954?c=15.00,0,0,0,dh&placePath=/review&isCorrectAnswer=true"
29,고산낚시터,"https://map.naver.com/p/search/%EA%B3%A0%EC%82%B0%EB%82%9A%EC%8B%9C%ED%84%B0/?c=12.00,0,0,0,dh"
30,고잔낚시터,"https://map.naver.com/p/search/%EA%B3%A0%EC%9E%94%EB%82%9A%EC%8B%9C%ED%84%B0/?c=12.00,0,0,0,dh"
31,고재낚시글램핑장,"https://map.naver.com/p/search/%EA%B3%A0%EC%9E%AC%EB%82%9A%EC%8B%9C%EA%B8%80%EB%9E%A8%ED%95%91%EC%9E%A5/?c=14.00,0,0,0,dh"
32,고초골낚시터,"https://map.naver.com/p/search/%EA%B3%A0%EC%B4%88%EA%B3%A8%EB%82%9A%EC%8B%9C%ED%84%B0/place/20561451?c=15.00,0,0,0,dh&placePath=/review&isCorrectAnswer=true"
33,고풍저수지,"https://map.naver.com/p/search/%EA%B3%A0%ED%92%8D%EC%A0%80%EC%88%98%EC%A7%80/?c=15.00,0,0,0,dh"
34,고흥권,"https://map.naver.com/p/search/%EA%B3%A0%ED%9D%A5%EA%B6%8C/?c=15.00,0,0,0,dh"
35,골든블루마리나,"https://map.naver.com/p/search/%EA%B3%A8%EB%93%A0%EB%B8%94%EB%A3%A8%EB%A7%88%EB%A6%AC%EB%82%98/place/38507175?c=15.00,0,0,0,dh&placePath=/review&isCorrectAnswer=true"
36,과림낚시터,"https://map.naver.com/p/search/%EA%B3%BC%EB%A6%BC%EB%82%9A%EC%8B%9C%ED%84%B0/place/18238152?c=15.00,0,0,0,dh&placePath=/review&isCorrectAnswer=true"
37,관리낚시터,"https://map.naver.com/p/search/%EA%B4%80%EB%A6%AC%EB%82%9A%EC%8B%9C%ED%84%B0/?c=15.00,0,0,0,dh"
38,관흥지민물낚시(수동 제1저수지),"https://map.naver.com/p/search/%EA%B4%80%ED%9D%A5%EC%A7%80%EB%AF%BC%EB%AC%BC%EB%82%9A%EC%8B%9C%28%EC%88%98%EB%8F%99%20%EC%A0%9C1%EC%A0%80%EC%88%98%EC%A7%80%29/?c=15.00,0,0,0,dh"
39,광명안양천물놀이장,"https://map.naver.com/p/search/%EA%B4%91%EB%AA%85%EC%95%88%EC%96%91%EC%B2%9C%EB%AC%BC%EB%86%80%EC%9D%B4%EC%9E%A5/?c=15.00,0,0,0,dh"
40,광주실내수영장,"https://map.naver.com/p/search/%EA%B4%91%EC%A3%BC%EC%8B%A4%EB%82%B4%EC%88%98%EC%98%81%EC%9E%A5/?c=10.00,0,0,0,dh"
41,광탄낚시레저타운,"https://map.naver.com/p/search/%EA%B4%91%ED%83%84%EB%82%9A%EC%8B%9C%EB%A0%88%EC%A0%80%ED%83%80%EC%9A%B4/place/1012650398?c=15.00,0,0,0,dh&placePath=/review&isCorrectAnswer=true"
42,구래낚시터,"https://map.naver.com/p/search/%EA%B5%AC%EB%9E%98%EB%82%9A%EC%8B%9C%ED%84%B0/?c=13.00,0,0,0,dh"
43,구례 호수공원 수상레저타운,"https://map.naver.com/p/search/%EA%B5%AC%EB%A1%80%20%ED%98%B8%EC%88%98%EA%B3%B5%EC%9B%90%20%EC%88%98%EC%83%81%EB%A0%88%EC%A0%80%ED%83%80%EC%9A%B4/place/877929110?c=15.00,0,0,0,dh&placePath=/review&isCorrectAnswer=true"
44,구미시 낙동강 수상레포츠 체험센터,"https://map.naver.com/p/search/%EA%B5%AC%EB%AF%B8%EC%8B%9C%20%EB%82%99%EB%8F%99%EA%B0%95%20%EC%88%98%EC%83%81%EB%A0%88%ED%8F%AC%EC%B8%A0%20%EC%B2%B4%ED%97%98%EC%84%BC%ED%84%B0/place/588036851?c=15.00,0,0,0,dh&placePath=/review&isCorrectAnswer=true"
45,구을비도,"https://map.naver.com/p/search/%EA%B5%AC%EC%9D%84%EB%B9%84%EB%8F%84/place/31347712?c=15.00,0,0,0,dh&placePath=/review&isCorrectAnswer=true"
46,국제리더스클럽,"https://map.naver.com/p/search/%EA%B5%AD%EC%A0%9C%EB%A6%AC%EB%8D%94%EC%8A%A4%ED%81%B4%EB%9F%BD/?c=15.00,0,0,0,dh"
47,국화지낚시터,"https://map.naver.com/p/search/%EA%B5%AD%ED%99%94%EC%A7%80%EB%82%9A%EC%8B%9C%ED%84%B0/place/12765318?c=15.00,0,0,0,dh&placePath=/review&isCorrectAnswer=true"
48,군자낚시터,"https://map.naver.com/p/search/%EA%B5%B0%EC%9E%90%EB%82%9A%EC%8B%9C%ED%84%B0/?c=12.00,0,0,0,dh"
49,궁평항피싱피어,"https://map.naver.com/p/search/%EA%B6%81%ED%8F%89%ED%95%AD%ED%94%BC%EC%8B%B1%ED%94%BC%EC%96%B4/place/19130425?c=15.00,0,0,0,dh&placePath=/review&isCorrectAnswer=true"
50,귀덕바다투명카약,"https://map.naver.com/p/search/%EA%B7%80%EB%8D%95%EB%B0%94%EB%8B%A4%ED%88%AC%EB%AA%85%EC%B9%B4%EC%95%BD/place/1277340604?c=15.00,0,0,0,dh&placePath=/review&isCorrectAnswer=true"
51,귀운낚시터,"https://map.naver.com/p/search/%EA%B7%80%EC%9A%B4%EB%82%9A%EC%8B%9C%ED%84%B0/place/13432616?c=15.00,0,0,0,dh&placePath=/review&isCorrectAnswer=true"
52,그랜드 워커힐 리버파크(야외수영장),"https://map.naver.com/p/search/%EA%B7%B8%EB%9E%9C%EB%93%9C%20%EC%9B%8C%EC%BB%A4%ED%9E%90%20%EB%A6%AC%EB%B2%84%ED%8C%8C%ED%81%AC%28%EC%95%BC%EC%99%B8%EC%88%98%EC%98%81%EC%9E%A5%29/place/13474335?c=15.00,0,0,0,dh&placePath=/review&isCorrectAnswer=true"
53,극동스포랜드(실내수영장),"https://map.naver.com/p/search/%EA%B7%B9%EB%8F%99%EC%8A%A4%ED%8F%AC%EB%9E%9C%EB%93%9C%28%EC%8B%A4%EB%82%B4%EC%88%98%EC%98%81%EC%9E%A5%29/?c=15.00,0,0,0,dh"
54,금곡낚시터,"https://map.naver.com/p/search/%EA%B8%88%EA%B3%A1%EB%82%9A%EC%8B%9C%ED%84%B0/?c=15.00,0,0,0,dh"
55,금광저수지,"https://map.naver.com/p/search/%EA%B8%88%EA%B4%91%EC%A0%80%EC%88%98%EC%A7%80/?c=15.00,0,0,0,dh"
56,금빛수로보트하우스,"https://map.naver.com/p/search/%EA%B8%88%EB%B9%9B%EC%88%98%EB%A1%9C%EB%B3%B4%ED%8A%B8%ED%95%98%EC%9A%B0%EC%8A%A4/?c=15.00,0,0,0,dh"
57,금원수목원수영장,"https://map.naver.com/p/search/%EA%B8%88%EC%9B%90%EC%88%98%EB%AA%A9%EC%9B%90%EC%88%98%EC%98%81%EC%9E%A5/place/12878238?c=15.00,0,0,0,dh&placePath=/review&isCorrectAnswer=true"
58,금이낚시터,"https://map.naver.com/p/search/%EA%B8%88%EC%9D%B4%EB%82%9A%EC%8B%9C%ED%84%B0/?c=15.00,0,0,0,dh"
59,금진방파제,"https://map.naver.com/p/search/%EA%B8%88%EC%A7%84%EB%B0%A9%ED%8C%8C%EC%A0%9C/?c=15.00,0,0,0,dh"
60,금천낚시터,"https://map.naver.com/p/search/%EA%B8%88%EC%B2%9C%EB%82%9A%EC%8B%9C%ED%84%B0/?c=10.00,0,0,0,dh"
61,길명낚시공원,"https://map.naver.com/p/search/%EA%B8%B8%EB%AA%85%EB%82%9A%EC%8B%9C%EA%B3%B5%EC%9B%90/place/1705053199?c=15.00,0,0,0,dh&placePath=/review&isCorrectAnswer=true"
62,길상낚시터,"https://map.naver.com/p/search/%EA%B8%B8%EC%83%81%EB%82%9A%EC%8B%9C%ED%84%B0/?c=15.00,0,0,0,dh"
63,길정 낚시터,"https://map.naver.com/p/search/%EA%B8%B8%EC%A0%95%20%EB%82%9A%EC%8B%9C%ED%84%B0/place/13432892?c=15.00,0,0,0,dh&placePath=/review&isCorrectAnswer=true"
64,김녕요트투어,"https://map.naver.com/p/search/%EA%B9%80%EB%85%95%EC%9A%94%ED%8A%B8%ED%88%AC%EC%96%B4/place/13136978?c=15.00,0,0,0,dh&placePath=/review&isCorrectAnswer=true"
65,김포스포츠센터(실내수영장),"https://map.naver.com/p/search/%EA%B9%80%ED%8F%AC%EC%8A%A4%ED%8F%AC%EC%B8%A0%EC%84%BC%ED%84%B0%28%EC%8B%A4%EB%82%B4%EC%88%98%EC%98%81%EC%9E%A5%29/place/11664109?c=15.00,0,0,0,dh&placePath=/review&isCorrectAnswer=true"
66,까치양어장,"https://map.naver.com/p/search/%EA%B9%8C%EC%B9%98%EC%96%91%EC%96%B4%EC%9E%A5/place/18243299?c=15.00,0,0,0,dh&placePath=/review&isCorrectAnswer=true"
67,낙동강래프팅,"https://map.naver.com/p/search/%EB%82%99%EB%8F%99%EA%B0%95%EB%9E%98%ED%94%84%ED%8C%85/?c=12.00,0,0,0,dh"
68,난지한강공원물놀이장,"https://map.naver.com/p/search/%EB%82%9C%EC%A7%80%ED%95%9C%EA%B0%95%EA%B3%B5%EC%9B%90%EB%AC%BC%EB%86%80%EC%9D%B4%EC%9E%A5/place/13529706?c=15.00,0,0,0,dh&placePath=/review&isCorrectAnswer=true"
69,남애스쿠버리조트,"https://map.naver.com/p/search/%EB%82%A8%EC%95%A0%EC%8A%A4%EC%BF%A0%EB%B2%84%EB%A6%AC%EC%A1%B0%ED%8A%B8/?c=15.00,0,0,0,dh"
70,남원워터월드수상스키장,"https://map.naver.com/p/search/%EB%82%A8%EC%9B%90%EC%9B%8C%ED%84%B0%EC%9B%94%EB%93%9C%EC%88%98%EC%83%81%EC%8A%A4%ED%82%A4%EC%9E%A5/place/12924203?c=15.00,0,0,0,dh&placePath=/review&isCorrectAnswer=true"
71,남전낚시터,"https://map.naver.com/p/search/%EB%82%A8%EC%A0%84%EB%82%9A%EC%8B%9C%ED%84%B0/place/1365940966?c=15.00,0,0,0,dh&placePath=/review&isCorrectAnswer=true"
72,남창낚시터(남창지),"https://map.naver.com/p/search/%EB%82%A8%EC%B0%BD%EB%82%9A%EC%8B%9C%ED%84%B0%28%EB%82%A8%EC%B0%BD%EC%A7%80%29/place/20573480?c=15.00,0,0,0,dh&placePath=/review&isCorrectAnswer=true"
73,남한강 래프팅(단양),"https://map.naver.com/p/search/%EB%82%A8%ED%95%9C%EA%B0%95%20%EB%9E%98%ED%94%84%ED%8C%85%28%EB%8B%A8%EC%96%91%29/?c=15.00,0,0,0,dh"
74,남한강(목계교권),"https://map.naver.com/p/search/%EB%82%A8%ED%95%9C%EA%B0%95%28%EB%AA%A9%EA%B3%84%EA%B5%90%EA%B6%8C%29/?c=15.00,0,0,0,dh"
75,남한강수상스키장,"https://map.naver.com/p/search/%EB%82%A8%ED%95%9C%EA%B0%95%EC%88%98%EC%83%81%EC%8A%A4%ED%82%A4%EC%9E%A5/place/21352928?c=15.00,0,0,0,dh&placePath=/review&isCorrectAnswer=true"
76,남해군요트학교,"https://map.naver.com/p/search/%EB%82%A8%ED%95%B4%EA%B5%B0%EC%9A%94%ED%8A%B8%ED%95%99%EA%B5%90/place/13208084?c=15.00,0,0,0,dh&placePath=/review&isCorrectAnswer=true"
77,남해카약체험센터,"https://map.naver.com/p/search/%EB%82%A8%ED%95%B4%EC%B9%B4%EC%95%BD%EC%B2%B4%ED%97%98%EC%84%BC%ED%84%B0/place/31936427?c=15.00,0,0,0,dh&placePath=/review&isCorrectAnswer=true"
78,내곡낚시터,"https://map.naver.com/p/search/%EB%82%B4%EA%B3%A1%EB%82%9A%EC%8B%9C%ED%84%B0/?c=15.00,0,0,0,dh"
79,내린천 래프팅,"https://map.naver.com/p/search/%EB%82%B4%EB%A6%B0%EC%B2%9C%20%EB%9E%98%ED%94%84%ED%8C%85/?c=12.00,0,0,0,dh"
80,내린천 수변공원,"https://map.naver.com/p/search/%EB%82%B4%EB%A6%B0%EC%B2%9C%20%EC%88%98%EB%B3%80%EA%B3%B5%EC%9B%90/?c=15.00,0,0,0,dh"
81,내촌낚시터,"https://map.naver.com/p/search/%EB%82%B4%EC%B4%8C%EB%82%9A%EC%8B%9C%ED%84%B0/?c=12.00,0,0,0,dh"
82,넵튠 수상레저 & 웨이크서핑 인싸서프,"https://map.naver.com/p/search/%EB%84%B5%ED%8A%A0%20%EC%88%98%EC%83%81%EB%A0%88%EC%A0%80%20%26%20%EC%9B%A8%EC%9D%B4%ED%81%AC%EC%84%9C%ED%95%91%20%EC%9D%B8%EC%8B%B8%EC%84%9C%ED%94%84/?c=15.00,0,0,0,dh"
83,노은지(대덕지),"https://map.naver.com/p/search/%EB%85%B8%EC%9D%80%EC%A7%80%28%EB%8C%80%EB%8D%95%EC%A7%80%29/?c=15.00,0,0,0,dh"
84,노진낚시터,"https://map.naver.com/p/search/%EB%85%B8%EC%A7%84%EB%82%9A%EC%8B%9C%ED%84%B0/place/1675364533?c=15.00,0,0,0,dh&placePath=/review&isCorrectAnswer=true"
85,누산수로,"https://map.naver.com/p/search/%EB%88%84%EC%82%B0%EC%88%98%EB%A1%9C/place/18621053?c=15.00,0,0,0,dh&placePath=/review&isCorrectAnswer=true"
86,뉴서울 다이빙 풀,"https://map.naver.com/p/search/%EB%89%B4%EC%84%9C%EC%9A%B8%20%EB%8B%A4%EC%9D%B4%EB%B9%99%20%ED%92%80/place/1453413677?c=15.00,0,0,0,dh&placePath=/review&isCorrectAnswer=true"
87,늘푸른낚시터,"https://map.naver.com/p/search/%EB%8A%98%ED%91%B8%EB%A5%B8%EB%82%9A%EC%8B%9C%ED%84%B0/?c=15.00,0,0,0,dh"
88,다이브라이프,"https://map.naver.com/p/search/%EB%8B%A4%EC%9D%B4%EB%B8%8C%EB%9D%BC%EC%9D%B4%ED%94%84/place/1683397498?c=15.00,0,0,0,dh&placePath=/review&isCorrectAnswer=true"
89,다이브랜드,"https://map.naver.com/p/search/%EB%8B%A4%EC%9D%B4%EB%B8%8C%EB%9E%9C%EB%93%9C/?c=15.00,0,0,0,dh"
90,다이아몬드베이,"https://map.naver.com/p/search/%EB%8B%A4%EC%9D%B4%EC%95%84%EB%AA%AC%EB%93%9C%EB%B2%A0%EC%9D%B4/?c=15.00,0,0,0,dh"
91,단양레포츠,"https://map.naver.com/p/search/%EB%8B%A8%EC%96%91%EB%A0%88%ED%8F%AC%EC%B8%A0/?c=15.00,0,0,0,dh"
92,달서아트센터 수영장,"https://map.naver.com/p/search/%EB%8B%AC%EC%84%9C%EC%95%84%ED%8A%B8%EC%84%BC%ED%84%B0%20%EC%88%98%EC%98%81%EC%9E%A5/?c=15.00,0,0,0,dh"
93,달월낚시터,"https://map.naver.com/p/search/%EB%8B%AC%EC%9B%94%EB%82%9A%EC%8B%9C%ED%84%B0/place/13390660?c=15.00,0,0,0,dh&placePath=/review&isCorrectAnswer=true"
94,당골낚시터,"https://map.naver.com/p/search/%EB%8B%B9%EA%B3%A8%EB%82%9A%EC%8B%9C%ED%84%B0/place/31626227?c=15.00,0,0,0,dh&placePath=/review&isCorrectAnswer=true"
95,당진 오봉제,"https://map.naver.com/p/search/%EB%8B%B9%EC%A7%84%20%EC%98%A4%EB%B4%89%EC%A0%9C/?c=15.00,0,0,0,dh"
96,당진 장고항,"https://map.naver.com/p/search/%EB%8B%B9%EC%A7%84%20%EC%9E%A5%EA%B3%A0%ED%95%AD/?c=15.00,0,0,0,dh"
97,당진 초대리지,"https://map.naver.com/p/search/%EB%8B%B9%EC%A7%84%20%EC%B4%88%EB%8C%80%EB%A6%AC%EC%A7%80/place/17701068?c=15.00,0,0,0,dh&placePath=/review&isCorrectAnswer=true"
98,당항포 요트체험,"https://map.naver.com/p/search/%EB%8B%B9%ED%95%AD%ED%8F%AC%20%EC%9A%94%ED%8A%B8%EC%B2%B4%ED%97%98/?c=15.00,0,0,0,dh"
99,대동 낚시터,"https://map.naver.com/p/search/%EB%8C%80%EB%8F%99%20%EB%82%9A%EC%8B%9C%ED%84%B0/place/13164243?c=15.00,0,0,0,dh&placePath=/review&isCorrectAnswer=true"
100,대명낚시터,"https://map.naver.com/p/search/%EB%8C%80%EB%AA%85%EB%82%9A%EC%8B%9C%ED%84%B0/?c=15.00,0,0,0,dh"
101,대부도바다낚시터,"https://map.naver.com/p/search/%EB%8C%80%EB%B6%80%EB%8F%84%EB%B0%94%EB%8B%A4%EB%82%9A%EC%8B%9C%ED%84%B0/?c=12.00,0,0,0,dh"
102,대석낚시터,"https://map.naver.com/p/search/%EB%8C%80%EC%84%9D%EB%82%9A%EC%8B%9C%ED%84%B0/place/13391584?c=15.00,0,0,0,dh&placePath=/review&isCorrectAnswer=true"
103,대성수상레저,"https://map.naver.com/p/search/%EB%8C%80%EC%84%B1%EC%88%98%EC%83%81%EB%A0%88%EC%A0%80/?c=15.00,0,0,0,dh"
104,대율저수지,"https://map.naver.com/p/search/%EB%8C%80%EC%9C%A8%EC%A0%80%EC%88%98%EC%A7%80/?c=15.00,0,0,0,dh"
105,대전광역시시설관리공단 한밭수영장(실내),"https://map.naver.com/p/search/%EB%8C%80%EC%A0%84%EA%B4%91%EC%97%AD%EC%8B%9C%EC%8B%9C%EC%84%A4%EA%B4%80%EB%A6%AC%EA%B3%B5%EB%8B%A8%20%ED%95%9C%EB%B0%AD%EC%88%98%EC%98%81%EC%9E%A5%28%EC%8B%A4%EB%82%B4%29/?c=15.00,0,0,0,dh"
106,대진해수욕장(918번 해안도로),"https://map.naver.com/p/search/%EB%8C%80%EC%A7%84%ED%95%B4%EC%88%98%EC%9A%95%EC%9E%A5%28918%EB%B2%88%20%ED%95%B4%EC%95%88%EB%8F%84%EB%A1%9C%29/?c=15.00,0,0,0,dh"
107,대천항 아인스월드,"https://map.naver.com/p/search/%EB%8C%80%EC%B2%9C%ED%95%AD%20%EC%95%84%EC%9D%B8%EC%8A%A4%EC%9B%94%EB%93%9C/place/1268143300?c=15.00,0,0,0,dh&placePath=/review&isCorrectAnswer=true"
108,대청호,"https://map.naver.com/p/search/%EB%8C%80%EC%B2%AD%ED%98%B8/?c=15.00,0,0,0,dh"
109,대평낚시터,"https://map.naver.com/p/search/%EB%8C%80%ED%8F%89%EB%82%9A%EC%8B%9C%ED%84%B0/?c=12.00,0,0,0,dh"
110,더 초리골,"https://map.naver.com/p/search/%EB%8D%94%20%EC%B4%88%EB%A6%AC%EA%B3%A8/place/1281289341?c=15.00,0,0,0,dh&placePath=/review&isCorrectAnswer=true"
111,더베이101요트투어,"https://map.naver.com/p/search/%EB%8D%94%EB%B2%A0%EC%9D%B4101%EC%9A%94%ED%8A%B8%ED%88%AC%EC%96%B4/?c=15.00,0,0,0,dh"
112,더시크릿수상레저,"https://map.naver.com/p/search/%EB%8D%94%EC%8B%9C%ED%81%AC%EB%A6%BF%EC%88%98%EC%83%81%EB%A0%88%EC%A0%80/place/10972584?c=15.00,0,0,0,dh&placePath=/review&isCorrectAnswer=true"
113,더요트,"https://map.naver.com/p/search/%EB%8D%94%EC%9A%94%ED%8A%B8/?c=15.00,0,0,0,dh"
114,덕봉낚시터,"https://map.naver.com/p/search/%EB%8D%95%EB%B4%89%EB%82%9A%EC%8B%9C%ED%84%B0/place/12885509?c=15.00,0,0,0,dh&placePath=/review&isCorrectAnswer=true"
115,덕삼지,"https://map.naver.com/p/search/%EB%8D%95%EC%82%BC%EC%A7%80/?c=15.00,0,0,0,dh"
116,덕송지 수상 풍차 낚시터,"https://map.naver.com/p/search/%EB%8D%95%EC%86%A1%EC%A7%80%20%EC%88%98%EC%83%81%20%ED%92%8D%EC%B0%A8%20%EB%82%9A%EC%8B%9C%ED%84%B0/place/34359703?c=15.00,0,0,0,dh&placePath=/review&isCorrectAnswer=true"
117,덕우저수지,"https://map.naver.com/p/search/%EB%8D%95%EC%9A%B0%EC%A0%80%EC%88%98%EC%A7%80/?c=15.00,0,0,0,dh"
118,덕진수영장,"https://map.naver.com/p/search/%EB%8D%95%EC%A7%84%EC%88%98%EC%98%81%EC%9E%A5/?c=12.00,0,0,0,dh"
119,덕풍계곡 플라이낚시,"https://map.naver.com/p/search/%EB%8D%95%ED%92%8D%EA%B3%84%EA%B3%A1%20%ED%94%8C%EB%9D%BC%EC%9D%B4%EB%82%9A%EC%8B%9C/place/12924945?c=15.00,0,0,0,dh&placePath=/review&isCorrectAnswer=true"
120,도농한강공원물놀이장,"https://map.naver.com/p/search/%EB%8F%84%EB%86%8D%ED%95%9C%EA%B0%95%EA%B3%B5%EC%9B%90%EB%AC%BC%EB%86%80%EC%9D%B4%EC%9E%A5/place/38342140?c=15.00,0,0,0,dh&placePath=/review&isCorrectAnswer=true"
121,도리수상레져,"https://map.naver.com/p/search/%EB%8F%84%EB%A6%AC%EC%88%98%EC%83%81%EB%A0%88%EC%A0%B8/?c=15.00,0,0,0,dh"
122,도산래프팅,"https://map.naver.com/p/search/%EB%8F%84%EC%82%B0%EB%9E%98%ED%94%84%ED%8C%85/?c=15.00,0,0,0,dh"
123,도시바다낚시터,"https://map.naver.com/p/search/%EB%8F%84%EC%8B%9C%EB%B0%94%EB%8B%A4%EB%82%9A%EC%8B%9C%ED%84%B0/place/31028965?c=15.00,0,0,0,dh&placePath=/review&isCorrectAnswer=true"
124,독도 바다낚시터,"https://map.naver.com/p/search/%EB%8F%85%EB%8F%84%20%EB%B0%94%EB%8B%A4%EB%82%9A%EC%8B%9C%ED%84%B0/place/37879279?c=15.00,0,0,0,dh&placePath=/review&isCorrectAnswer=true"
125,독정낚시터,"https://map.naver.com/p/search/%EB%8F%85%EC%A0%95%EB%82%9A%EC%8B%9C%ED%84%B0/place/13391422?c=15.00,0,0,0,dh&placePath=/review&isCorrectAnswer=true"
126,돌고래수상리조트,"https://map.naver.com/p/search/%EB%8F%8C%EA%B3%A0%EB%9E%98%EC%88%98%EC%83%81%EB%A6%AC%EC%A1%B0%ED%8A%B8/place/10965233?c=15.00,0,0,0,dh&placePath=/review&isCorrectAnswer=true"
127,동강 래프팅(영월),"https://map.naver.com/p/search/%EB%8F%99%EA%B0%95%20%EB%9E%98%ED%94%84%ED%8C%85%28%EC%98%81%EC%9B%94%29/?c=15.00,0,0,0,dh"
128,동강 래프팅(정선),"https://map.naver.com/p/search/%EB%8F%99%EA%B0%95%20%EB%9E%98%ED%94%84%ED%8C%85%28%EC%A0%95%EC%84%A0%29/?c=15.00,0,0,0,dh"
129,동강 래프팅(평창),"https://map.naver.com/p/search/%EB%8F%99%EA%B0%95%20%EB%9E%98%ED%94%84%ED%8C%85%28%ED%8F%89%EC%B0%BD%29/?c=15.00,0,0,0,dh"
130,동강드림래프팅,"https://map.naver.com/p/search/%EB%8F%99%EA%B0%95%EB%93%9C%EB%A6%BC%EB%9E%98%ED%94%84%ED%8C%85/place/12886837?c=15.00,0,0,0,dh&placePath=/review&isCorrectAnswer=true"
131,동강리버버깅,"https://map.naver.com/p/search/%EB%8F%99%EA%B0%95%EB%A6%AC%EB%B2%84%EB%B2%84%EA%B9%85/place/13130517?c=15.00,0,0,0,dh&placePath=/review&isCorrectAnswer=true"
132,동강카누캠프,"https://map.naver.com/p/search/%EB%8F%99%EA%B0%95%EC%B9%B4%EB%88%84%EC%BA%A0%ED%94%84/?c=15.00,0,0,0,dh"
133,동검레저바다낚시,"https://map.naver.com/p/search/%EB%8F%99%EA%B2%80%EB%A0%88%EC%A0%80%EB%B0%94%EB%8B%A4%EB%82%9A%EC%8B%9C/place/745003468?c=15.00,0,0,0,dh&placePath=/review&isCorrectAnswer=true"
134,동교낚시터,"https://map.naver.com/p/search/%EB%8F%99%EA%B5%90%EB%82%9A%EC%8B%9C%ED%84%B0/?c=12.00,0,0,0,dh"
135,동명 방파제,"https://map.naver.com/p/search/%EB%8F%99%EB%AA%85%20%EB%B0%A9%ED%8C%8C%EC%A0%9C/place/15086407?c=15.00,0,0,0,dh&placePath=/review&isCorrectAnswer=true"
136,동이사람들(안동래프팅),"https://map.naver.com/p/search/%EB%8F%99%EC%9D%B4%EC%82%AC%EB%9E%8C%EB%93%A4%28%EC%95%88%EB%8F%99%EB%9E%98%ED%94%84%ED%8C%85%29/place/31902271?c=15.00,0,0,0,dh&placePath=/review&isCorrectAnswer=true"
137,동천 야외물놀이장,"https://map.naver.com/p/search/%EB%8F%99%EC%B2%9C%20%EC%95%BC%EC%99%B8%EB%AC%BC%EB%86%80%EC%9D%B4%EC%9E%A5/?c=15.00,0,0,0,dh"
138,동호방파제,"https://map.naver.com/p/search/%EB%8F%99%ED%98%B8%EB%B0%A9%ED%8C%8C%EC%A0%9C/?c=15.00,0,0,0,dh"
139,두류수영장,"https://map.naver.com/p/search/%EB%91%90%EB%A5%98%EC%88%98%EC%98%81%EC%9E%A5/?c=15.00,0,0,0,dh"
140,두메낚시터,"https://map.naver.com/p/search/%EB%91%90%EB%A9%94%EB%82%9A%EC%8B%9C%ED%84%B0/?c=15.00,0,0,0,dh"
141,두밀촌낚시터,"https://map.naver.com/p/search/%EB%91%90%EB%B0%80%EC%B4%8C%EB%82%9A%EC%8B%9C%ED%84%B0/place/16994129?c=15.00,0,0,0,dh&placePath=/review&isCorrectAnswer=true"
142,두창낚시터,"https://map.naver.com/p/search/%EB%91%90%EC%B0%BD%EB%82%9A%EC%8B%9C%ED%84%B0/?c=15.00,0,0,0,dh"
143,뒷방울 저수지,"https://map.naver.com/p/search/%EB%92%B7%EB%B0%A9%EC%9A%B8%20%EC%A0%80%EC%88%98%EC%A7%80/place/18252124?c=15.00,0,0,0,dh&placePath=/review&isCorrectAnswer=true"
144,드림바다실내낚시터,"https://map.naver.com/p/search/%EB%93%9C%EB%A6%BC%EB%B0%94%EB%8B%A4%EC%8B%A4%EB%82%B4%EB%82%9A%EC%8B%9C%ED%84%B0/?c=15.00,0,0,0,dh"
145,드림카약투어,"https://map.naver.com/p/search/%EB%93%9C%EB%A6%BC%EC%B9%B4%EC%95%BD%ED%88%AC%EC%96%B4/?c=15.00,0,0,0,dh"
146,득량만바다낚시공원,"https://map.naver.com/p/search/%EB%93%9D%EB%9F%89%EB%A7%8C%EB%B0%94%EB%8B%A4%EB%82%9A%EC%8B%9C%EA%B3%B5%EC%9B%90/place/1069192213?c=15.00,0,0,0,dh&placePath=/review&isCorrectAnswer=true"
147,등대바다낚시터,"https://map.naver.com/p/search/%EB%93%B1%EB%8C%80%EB%B0%94%EB%8B%A4%EB%82%9A%EC%8B%9C%ED%84%B0/place/12828909?c=15.00,0,0,0,dh&placePath=/review&isCorrectAnswer=true"
148,라마다프라자제주호텔 스포츠센터(실내.외 수영장),"https://map.naver.com/p/search/%EB%9D%BC%EB%A7%88%EB%8B%A4%ED%94%84%EB%9D%BC%EC%9E%90%EC%A0%9C%EC%A3%BC%ED%98%B8%ED%85%94%20%EC%8A%A4%ED%8F%AC%EC%B8%A0%EC%84%BC%ED%84%B0%28%EC%8B%A4%EB%82%B4.%EC%99%B8%20%EC%88%98%EC%98%81%EC%9E%A5%29/?c=15.00,0,0,0,dh"
149,레인보우 서프,"https://map.naver.com/p/search/%EB%A0%88%EC%9D%B8%EB%B3%B4%EC%9A%B0%20%EC%84%9C%ED%94%84/place/1081777106?c=15.00,0,0,0,dh&placePath=/review&isCorrectAnswer=true"
150,레저캠프,"https://map.naver.com/p/search/%EB%A0%88%EC%A0%80%EC%BA%A0%ED%94%84/?c=15.00,0,0,0,dh"
151,롯데호텔 실내수영장,"https://map.naver.com/p/search/%EB%A1%AF%EB%8D%B0%ED%98%B8%ED%85%94%20%EC%8B%A4%EB%82%B4%EC%88%98%EC%98%81%EC%9E%A5/?c=15.00,0,0,0,dh"
152,롱비치 서프스쿨,"https://map.naver.com/p/search/%EB%A1%B1%EB%B9%84%EC%B9%98%20%EC%84%9C%ED%94%84%EC%8A%A4%EC%BF%A8/place/36547074?c=15.00,0,0,0,dh&placePath=/review&isCorrectAnswer=true"
153,리버시티,"https://map.naver.com/p/search/%EB%A6%AC%EB%B2%84%EC%8B%9C%ED%8B%B0/?c=15.00,0,0,0,dh"
154,리버포인트 수상레저,"https://map.naver.com/p/search/%EB%A6%AC%EB%B2%84%ED%8F%AC%EC%9D%B8%ED%8A%B8%20%EC%88%98%EC%83%81%EB%A0%88%EC%A0%80/place/37704766?c=15.00,0,0,0,dh&placePath=/review&isCorrectAnswer=true"
155,마량 방파제,"https://map.naver.com/p/search/%EB%A7%88%EB%9F%89%20%EB%B0%A9%ED%8C%8C%EC%A0%9C/?c=12.00,0,0,0,dh"
156,마량항,"https://map.naver.com/p/search/%EB%A7%88%EB%9F%89%ED%95%AD/?c=15.00,0,0,0,dh"
157,마부농원,"https://map.naver.com/p/search/%EB%A7%88%EB%B6%80%EB%86%8D%EC%9B%90/?c=15.00,0,0,0,dh"
158,마전낚시터,"https://map.naver.com/p/search/%EB%A7%88%EC%A0%84%EB%82%9A%EC%8B%9C%ED%84%B0/?c=12.00,0,0,0,dh"
159,마정 낚시터 (마정지 낚시터),"https://map.naver.com/p/search/%EB%A7%88%EC%A0%95%20%EB%82%9A%EC%8B%9C%ED%84%B0%20%28%EB%A7%88%EC%A0%95%EC%A7%80%20%EB%82%9A%EC%8B%9C%ED%84%B0%29/place/12867722?c=15.00,0,0,0,dh&placePath=/review&isCorrectAnswer=true"
160,만경지(능제저수지),"https://map.naver.com/p/search/%EB%A7%8C%EA%B2%BD%EC%A7%80%28%EB%8A%A5%EC%A0%9C%EC%A0%80%EC%88%98%EC%A7%80%29/?c=15.00,0,0,0,dh"
161,만정낚시터,"https://map.naver.com/p/search/%EB%A7%8C%EC%A0%95%EB%82%9A%EC%8B%9C%ED%84%B0/?c=15.00,0,0,0,dh"
162,만정민트바다낚시터,"https://map.naver.com/p/search/%EB%A7%8C%EC%A0%95%EB%AF%BC%ED%8A%B8%EB%B0%94%EB%8B%A4%EB%82%9A%EC%8B%9C%ED%84%B0/place/1397116098?c=15.00,0,0,0,dh&placePath=/review&isCorrectAnswer=true"
163,만정바다좌대낚시터,"https://map.naver.com/p/search/%EB%A7%8C%EC%A0%95%EB%B0%94%EB%8B%A4%EC%A2%8C%EB%8C%80%EB%82%9A%EC%8B%9C%ED%84%B0/place/31028965?c=15.00,0,0,0,dh&placePath=/review&isCorrectAnswer=true"
164,만정사계절바다낚시터,"https://map.naver.com/p/search/%EB%A7%8C%EC%A0%95%EC%82%AC%EA%B3%84%EC%A0%88%EB%B0%94%EB%8B%A4%EB%82%9A%EC%8B%9C%ED%84%B0/place/1592485464?c=15.00,0,0,0,dh&placePath=/review&isCorrectAnswer=true"
165,말봉바다낚시터,"https://map.naver.com/p/search/%EB%A7%90%EB%B4%89%EB%B0%94%EB%8B%A4%EB%82%9A%EC%8B%9C%ED%84%B0/place/11879589?c=15.00,0,0,0,dh&placePath=/review&isCorrectAnswer=true"
166,맹동저수지,"https://map.naver.com/p/search/%EB%A7%B9%EB%8F%99%EC%A0%80%EC%88%98%EC%A7%80/?c=15.00,0,0,0,dh"
167,메리모나크,"https://map.naver.com/p/search/%EB%A9%94%EB%A6%AC%EB%AA%A8%EB%82%98%ED%81%AC/?c=15.00,0,0,0,dh"
168,메종글래드호텔 수영장(실외),"https://map.naver.com/p/search/%EB%A9%94%EC%A2%85%EA%B8%80%EB%9E%98%EB%93%9C%ED%98%B8%ED%85%94%20%EC%88%98%EC%98%81%EC%9E%A5%28%EC%8B%A4%EC%99%B8%29/?c=15.00,0,0,0,dh"
169,면천낚시터,"https://map.naver.com/p/search/%EB%A9%B4%EC%B2%9C%EB%82%9A%EC%8B%9C%ED%84%B0/?c=12.00,0,0,0,dh"
170,명암낚시터,"https://map.naver.com/p/search/%EB%AA%85%EC%95%94%EB%82%9A%EC%8B%9C%ED%84%B0/place/38771400?c=15.00,0,0,0,dh&placePath=/review&isCorrectAnswer=true"
171,명인낚시터,"https://map.naver.com/p/search/%EB%AA%85%EC%9D%B8%EB%82%9A%EC%8B%9C%ED%84%B0/?c=15.00,0,0,0,dh"
172,모아레벤트,"https://map.naver.com/p/search/%EB%AA%A8%EC%95%84%EB%A0%88%EB%B2%A4%ED%8A%B8/?c=15.00,0,0,0,dh"
173,목감낚시터,"https://map.naver.com/p/search/%EB%AA%A9%EA%B0%90%EB%82%9A%EC%8B%9C%ED%84%B0/?c=12.00,0,0,0,dh"
174,무네미낚시터,"https://map.naver.com/p/search/%EB%AC%B4%EB%84%A4%EB%AF%B8%EB%82%9A%EC%8B%9C%ED%84%B0/?c=15.00,0,0,0,dh"
175,무주래프팅,"https://map.naver.com/p/search/%EB%AC%B4%EC%A3%BC%EB%9E%98%ED%94%84%ED%8C%85/?c=10.00,0,0,0,dh"
176,무지개배낚시,"https://map.naver.com/p/search/%EB%AC%B4%EC%A7%80%EA%B0%9C%EB%B0%B0%EB%82%9A%EC%8B%9C/?c=15.00,0,0,0,dh"
177,묵리낚시터,"https://map.naver.com/p/search/%EB%AC%B5%EB%A6%AC%EB%82%9A%EC%8B%9C%ED%84%B0/place/13433107?c=15.00,0,0,0,dh&placePath=/review&isCorrectAnswer=true"
178,문봉낚시터,"https://map.naver.com/p/search/%EB%AC%B8%EB%B4%89%EB%82%9A%EC%8B%9C%ED%84%B0/?c=14.00,0,0,0,dh"
179,문서프,"https://map.naver.com/p/search/%EB%AC%B8%EC%84%9C%ED%94%84/place/37746343?c=15.00,0,0,0,dh&placePath=/review&isCorrectAnswer=true"
180,문암다이브리조트,"https://map.naver.com/p/search/%EB%AC%B8%EC%95%94%EB%8B%A4%EC%9D%B4%EB%B8%8C%EB%A6%AC%EC%A1%B0%ED%8A%B8/?c=15.00,0,0,0,dh"
181,문학박태환수영장,"https://map.naver.com/p/search/%EB%AC%B8%ED%95%99%EB%B0%95%ED%83%9C%ED%99%98%EC%88%98%EC%98%81%EC%9E%A5/?c=15.00,0,0,0,dh"
182,물새수상스키장,"https://map.naver.com/p/search/%EB%AC%BC%EC%83%88%EC%88%98%EC%83%81%EC%8A%A4%ED%82%A4%EC%9E%A5/place/11656441?c=15.00,0,0,0,dh&placePath=/review&isCorrectAnswer=true"
183,미란다 스파플러스,"https://map.naver.com/p/search/%EB%AF%B8%EB%9E%80%EB%8B%A4%20%EC%8A%A4%ED%8C%8C%ED%94%8C%EB%9F%AC%EC%8A%A4/place/11888380?c=15.00,0,0,0,dh&placePath=/review&isCorrectAnswer=true"
184,바다다이브,"https://map.naver.com/p/search/%EB%B0%94%EB%8B%A4%EB%8B%A4%EC%9D%B4%EB%B8%8C/?c=15.00,0,0,0,dh"
185,바다여행잠수교실,"https://map.naver.com/p/search/%EB%B0%94%EB%8B%A4%EC%97%AC%ED%96%89%EC%9E%A0%EC%88%98%EA%B5%90%EC%8B%A4/place/20354753?c=15.00,0,0,0,dh&placePath=/review&isCorrectAnswer=true"
186,바람의제트보트,"https://map.naver.com/p/search/%EB%B0%94%EB%9E%8C%EC%9D%98%EC%A0%9C%ED%8A%B8%EB%B3%B4%ED%8A%B8/?c=15.00,0,0,0,dh"
187,바지선 선상낚시(토평동유어장),"https://map.naver.com/p/search/%EB%B0%94%EC%A7%80%EC%84%A0%20%EC%84%A0%EC%83%81%EB%82%9A%EC%8B%9C%28%ED%86%A0%ED%8F%89%EB%8F%99%EC%9C%A0%EC%96%B4%EC%9E%A5%29/?c=15.00,0,0,0,dh"
188,바하마수상레포츠,"https://map.naver.com/p/search/%EB%B0%94%ED%95%98%EB%A7%88%EC%88%98%EC%83%81%EB%A0%88%ED%8F%AC%EC%B8%A0/place/38463263?c=15.00,0,0,0,dh&placePath=/review&isCorrectAnswer=true"
189,반산저수지,"https://map.naver.com/p/search/%EB%B0%98%EC%82%B0%EC%A0%80%EC%88%98%EC%A7%80/?c=15.00,0,0,0,dh"
190,반제낚시터,"https://map.naver.com/p/search/%EB%B0%98%EC%A0%9C%EB%82%9A%EC%8B%9C%ED%84%B0/place/13294009?c=15.00,0,0,0,dh&placePath=/review&isCorrectAnswer=true"
191,반트(실내수영장),"https://map.naver.com/p/search/%EB%B0%98%ED%8A%B8%28%EC%8B%A4%EB%82%B4%EC%88%98%EC%98%81%EC%9E%A5%29/?c=15.00,0,0,0,dh"
192,밤밭 낚시터,"https://map.naver.com/p/search/%EB%B0%A4%EB%B0%AD%20%EB%82%9A%EC%8B%9C%ED%84%B0/?c=15.00,0,0,0,dh"
193,배다골테마파크수영장,"https://map.naver.com/p/search/%EB%B0%B0%EB%8B%A4%EA%B3%A8%ED%85%8C%EB%A7%88%ED%8C%8C%ED%81%AC%EC%88%98%EC%98%81%EC%9E%A5/place/787187760?c=15.00,0,0,0,dh&placePath=/review&isCorrectAnswer=true"
194,배다리낚시터,"https://map.naver.com/p/search/%EB%B0%B0%EB%8B%A4%EB%A6%AC%EB%82%9A%EC%8B%9C%ED%84%B0/?c=15.00,0,0,0,dh"
195,배안타는 볼락 밤낚시 체험,"https://map.naver.com/p/search/%EB%B0%B0%EC%95%88%ED%83%80%EB%8A%94%20%EB%B3%BC%EB%9D%BD%20%EB%B0%A4%EB%82%9A%EC%8B%9C%20%EC%B2%B4%ED%97%98/?c=15.00,0,0,0,dh"
196,배양낚시터,"https://map.naver.com/p/search/%EB%B0%B0%EC%96%91%EB%82%9A%EC%8B%9C%ED%84%B0/?c=13.00,0,0,0,dh"
197,백곡저수지낚시터,"https://map.naver.com/p/search/%EB%B0%B1%EA%B3%A1%EC%A0%80%EC%88%98%EC%A7%80%EB%82%9A%EC%8B%9C%ED%84%B0/?c=14.00,0,0,0,dh"
198,백두산낚시터,"https://map.naver.com/p/search/%EB%B0%B1%EB%91%90%EC%82%B0%EB%82%9A%EC%8B%9C%ED%84%B0/place/19038684?c=15.00,0,0,0,dh&placePath=/review&isCorrectAnswer=true"
199,백마강레저파크,"https://map.naver.com/p/search/%EB%B0%B1%EB%A7%88%EA%B0%95%EB%A0%88%EC%A0%80%ED%8C%8C%ED%81%AC/?c=15.00,0,0,0,dh"
200,백용낚시터,"https://map.naver.com/p/search/%EB%B0%B1%EC%9A%A9%EB%82%9A%EC%8B%9C%ED%84%B0/place/13432833?c=15.00,0,0,0,dh&placePath=/review&isCorrectAnswer=true"
201,백운낚시터,"https://map.naver.com/p/search/%EB%B0%B1%EC%9A%B4%EB%82%9A%EC%8B%9C%ED%84%B0/?c=15.00,0,0,0,dh"
202,백학저수지,"https://map.naver.com/p/search/%EB%B0%B1%ED%95%99%EC%A0%80%EC%88%98%EC%A7%80/?c=15.00,0,0,0,dh"
203,버드마리나수상레저,"https://map.naver.com/p/search/%EB%B2%84%EB%93%9C%EB%A7%88%EB%A6%AC%EB%82%98%EC%88%98%EC%83%81%EB%A0%88%EC%A0%80/?c=15.00,0,0,0,dh"
204,벌말선착장,"https://map.naver.com/p/search/%EB%B2%8C%EB%A7%90%EC%84%A0%EC%B0%A9%EC%9E%A5/place/17582464?c=15.00,0,0,0,dh&placePath=/review&isCorrectAnswer=true"
205,베어스타운리조트 수영장,"https://map.naver.com/p/search/%EB%B2%A0%EC%96%B4%EC%8A%A4%ED%83%80%EC%9A%B4%EB%A6%AC%EC%A1%B0%ED%8A%B8%20%EC%88%98%EC%98%81%EC%9E%A5/?c=15.00,0,0,0,dh"
206,병풍도,"https://map.naver.com/p/search/%EB%B3%91%ED%92%8D%EB%8F%84/?c=15.00,0,0,0,dh"
207,보길도일대(바다낚시),"https://map.naver.com/p/search/%EB%B3%B4%EA%B8%B8%EB%8F%84%EC%9D%BC%EB%8C%80%28%EB%B0%94%EB%8B%A4%EB%82%9A%EC%8B%9C%29/?c=15.00,0,0,0,dh"
208,보물섬손맛낚시터,"https://map.naver.com/p/search/%EB%B3%B4%EB%AC%BC%EC%84%AC%EC%86%90%EB%A7%9B%EB%82%9A%EC%8B%9C%ED%84%B0/?c=15.00,0,0,0,dh"
209,보보스다이브리조트,"https://map.naver.com/p/search/%EB%B3%B4%EB%B3%B4%EC%8A%A4%EB%8B%A4%EC%9D%B4%EB%B8%8C%EB%A6%AC%EC%A1%B0%ED%8A%B8/place/973494224?c=15.00,0,0,0,dh&placePath=/review&isCorrectAnswer=true"
210,보성비봉마리나,"https://map.naver.com/p/search/%EB%B3%B4%EC%84%B1%EB%B9%84%EB%B4%89%EB%A7%88%EB%A6%AC%EB%82%98/place/543026837?c=15.00,0,0,0,dh&placePath=/review&isCorrectAnswer=true"
211,복금저수지(복심저수지),"https://map.naver.com/p/search/%EB%B3%B5%EA%B8%88%EC%A0%80%EC%88%98%EC%A7%80%28%EB%B3%B5%EC%8B%AC%EC%A0%80%EC%88%98%EC%A7%80%29/place/17742333?c=15.00,0,0,0,dh&placePath=/review&isCorrectAnswer=true"
212,봉림낚시터,"https://map.naver.com/p/search/%EB%B4%89%EB%A6%BC%EB%82%9A%EC%8B%9C%ED%84%B0/?c=12.00,0,0,0,dh"
213,봉재낚시터,"https://map.naver.com/p/search/%EB%B4%89%EC%9E%AC%EB%82%9A%EC%8B%9C%ED%84%B0/place/12456394?c=15.00,0,0,0,dh&placePath=/review&isCorrectAnswer=true"
214,부남면 금강하천,"https://map.naver.com/p/search/%EB%B6%80%EB%82%A8%EB%A9%B4%20%EA%B8%88%EA%B0%95%ED%95%98%EC%B2%9C/?c=15.00,0,0,0,dh"
215,부산 요트투어 요트야,"https://map.naver.com/p/search/%EB%B6%80%EC%82%B0%20%EC%9A%94%ED%8A%B8%ED%88%AC%EC%96%B4%20%EC%9A%94%ED%8A%B8%EC%95%BC/?c=15.00,0,0,0,dh"
216,부산요트투어 3355마린,"https://map.naver.com/p/search/%EB%B6%80%EC%82%B0%EC%9A%94%ED%8A%B8%ED%88%AC%EC%96%B4%203355%EB%A7%88%EB%A6%B0/place/1149944495?c=15.00,0,0,0,dh&placePath=/review&isCorrectAnswer=true"
217,부산요트투어 고고요트,"https://map.naver.com/p/search/%EB%B6%80%EC%82%B0%EC%9A%94%ED%8A%B8%ED%88%AC%EC%96%B4%20%EA%B3%A0%EA%B3%A0%EC%9A%94%ED%8A%B8/?c=15.00,0,0,0,dh"
218,부여 산직지,"https://map.naver.com/p/search/%EB%B6%80%EC%97%AC%20%EC%82%B0%EC%A7%81%EC%A7%80/place/17744138?c=15.00,0,0,0,dh&placePath=/review&isCorrectAnswer=true"
219,북동저수지(대부도),"https://map.naver.com/p/search/%EB%B6%81%EB%8F%99%EC%A0%80%EC%88%98%EC%A7%80%28%EB%8C%80%EB%B6%80%EB%8F%84%29/?c=15.00,0,0,0,dh"
220,북한산천연옥워터파크,"https://map.naver.com/p/search/%EB%B6%81%ED%95%9C%EC%82%B0%EC%B2%9C%EC%97%B0%EC%98%A5%EC%9B%8C%ED%84%B0%ED%8C%8C%ED%81%AC/place/38427853?c=15.00,0,0,0,dh&placePath=/review&isCorrectAnswer=true"
221,블루요트,"https://map.naver.com/p/search/%EB%B8%94%EB%A3%A8%EC%9A%94%ED%8A%B8/?c=15.00,0,0,0,dh"
222,비바낚시터,"https://map.naver.com/p/search/%EB%B9%84%EB%B0%94%EB%82%9A%EC%8B%9C%ED%84%B0/place/1982615290?c=15.00,0,0,0,dh&placePath=/review&isCorrectAnswer=true"
223,비응도일대,"https://map.naver.com/p/search/%EB%B9%84%EC%9D%91%EB%8F%84%EC%9D%BC%EB%8C%80/?c=15.00,0,0,0,dh"
224,비진도 외항방파제,"https://map.naver.com/p/search/%EB%B9%84%EC%A7%84%EB%8F%84%20%EC%99%B8%ED%95%AD%EB%B0%A9%ED%8C%8C%EC%A0%9C/place/37824276?c=15.00,0,0,0,dh&placePath=/review&isCorrectAnswer=true"
225,비체올린,"https://map.naver.com/p/search/%EB%B9%84%EC%B2%B4%EC%98%AC%EB%A6%B0/?c=15.00,0,0,0,dh"
226,빈땅서프,"https://map.naver.com/p/search/%EB%B9%88%EB%95%85%EC%84%9C%ED%94%84/?c=15.00,0,0,0,dh"
227,빠지에빠지다수상레저,"https://map.naver.com/p/search/%EB%B9%A0%EC%A7%80%EC%97%90%EB%B9%A0%EC%A7%80%EB%8B%A4%EC%88%98%EC%83%81%EB%A0%88%EC%A0%80/place/1445468002?c=15.00,0,0,0,dh&placePath=/review&isCorrectAnswer=true"
228,사계절 낚시터,"https://map.naver.com/p/search/%EC%82%AC%EA%B3%84%EC%A0%88%20%EB%82%9A%EC%8B%9C%ED%84%B0/?c=15.00,0,0,0,dh"
229,사기막저수지,"https://map.naver.com/p/search/%EC%82%AC%EA%B8%B0%EB%A7%89%EC%A0%80%EC%88%98%EC%A7%80/?c=15.00,0,0,0,dh"
230,사람과바다 래프팅,"https://map.naver.com/p/search/%EC%82%AC%EB%9E%8C%EA%B3%BC%EB%B0%94%EB%8B%A4%20%EB%9E%98%ED%94%84%ED%8C%85/?c=15.00,0,0,0,dh"
231,사량도 바다낚시,"https://map.naver.com/p/search/%EC%82%AC%EB%9F%89%EB%8F%84%20%EB%B0%94%EB%8B%A4%EB%82%9A%EC%8B%9C/?c=15.00,0,0,0,dh"
232,산들낚시터,"https://map.naver.com/p/search/%EC%82%B0%EB%93%A4%EB%82%9A%EC%8B%9C%ED%84%B0/?c=15.00,0,0,0,dh"
233,산정낚시터,"https://map.naver.com/p/search/%EC%82%B0%EC%A0%95%EB%82%9A%EC%8B%9C%ED%84%B0/place/18242359?c=15.00,0,0,0,dh&placePath=/review&isCorrectAnswer=true"
234,산청경호강래프팅,"https://map.naver.com/p/search/%EC%82%B0%EC%B2%AD%EA%B2%BD%ED%98%B8%EA%B0%95%EB%9E%98%ED%94%84%ED%8C%85/?c=15.00,0,0,0,dh"
235,삼막곡낚시터,"https://map.naver.com/p/search/%EC%82%BC%EB%A7%89%EA%B3%A1%EB%82%9A%EC%8B%9C%ED%84%B0/place/583421015?c=15.00,0,0,0,dh&placePath=/review&isCorrectAnswer=true"
236,삼성낚시터,"https://map.naver.com/p/search/%EC%82%BC%EC%84%B1%EB%82%9A%EC%8B%9C%ED%84%B0/?c=15.00,0,0,0,dh"
237,삼인낚시터,"https://map.naver.com/p/search/%EC%82%BC%EC%9D%B8%EB%82%9A%EC%8B%9C%ED%84%B0/place/11695650?c=15.00,0,0,0,dh&placePath=/review&isCorrectAnswer=true"
238,삼척항 - 새천년도로변,"https://map.naver.com/p/search/%EC%82%BC%EC%B2%99%ED%95%AD%20-%20%EC%83%88%EC%B2%9C%EB%85%84%EB%8F%84%EB%A1%9C%EB%B3%80/?c=15.00,0,0,0,dh"
239,삼천포 마리나 레저클럽,"https://map.naver.com/p/search/%EC%82%BC%EC%B2%9C%ED%8F%AC%20%EB%A7%88%EB%A6%AC%EB%82%98%20%EB%A0%88%EC%A0%80%ED%81%B4%EB%9F%BD/?c=15.00,0,0,0,dh"
240,삼풍수영장,"https://map.naver.com/p/search/%EC%82%BC%ED%92%8D%EC%88%98%EC%98%81%EC%9E%A5/?c=12.00,0,0,0,dh"
241,삼하낚시터,"https://map.naver.com/p/search/%EC%82%BC%ED%95%98%EB%82%9A%EC%8B%9C%ED%84%B0/place/1923427342?c=15.00,0,0,0,dh&placePath=/review&isCorrectAnswer=true"
242,삼합저수지,"https://map.naver.com/p/search/%EC%82%BC%ED%95%A9%EC%A0%80%EC%88%98%EC%A7%80/?c=15.00,0,0,0,dh"
243,삽교호(아산),"https://map.naver.com/p/search/%EC%82%BD%EA%B5%90%ED%98%B8%28%EC%95%84%EC%82%B0%29/?c=15.00,0,0,0,dh"
244,상덕낚시터,"https://map.naver.com/p/search/%EC%83%81%EB%8D%95%EB%82%9A%EC%8B%9C%ED%84%B0/place/13432857?c=15.00,0,0,0,dh&placePath=/review&isCorrectAnswer=true"
245,상무룡리낚시터,"https://map.naver.com/p/search/%EC%83%81%EB%AC%B4%EB%A3%A1%EB%A6%AC%EB%82%9A%EC%8B%9C%ED%84%B0/?c=15.00,0,0,0,dh"
246,상상낚시터,"https://map.naver.com/p/search/%EC%83%81%EC%83%81%EB%82%9A%EC%8B%9C%ED%84%B0/place/175920042?c=15.00,0,0,0,dh&placePath=/review&isCorrectAnswer=true"
247,새마을낚시터,"https://map.naver.com/p/search/%EC%83%88%EB%A7%88%EC%9D%84%EB%82%9A%EC%8B%9C%ED%84%B0/?c=15.00,0,0,0,dh"
248,새말낚시터,"https://map.naver.com/p/search/%EC%83%88%EB%A7%90%EB%82%9A%EC%8B%9C%ED%84%B0/?c=15.00,0,0,0,dh"
249,새미낚시터,"https://map.naver.com/p/search/%EC%83%88%EB%AF%B8%EB%82%9A%EC%8B%9C%ED%84%B0/place/13432937?c=15.00,0,0,0,dh&placePath=/review&isCorrectAnswer=true"
250,서귀포홍리실내수영장,"https://map.naver.com/p/search/%EC%84%9C%EA%B7%80%ED%8F%AC%ED%99%8D%EB%A6%AC%EC%8B%A4%EB%82%B4%EC%88%98%EC%98%81%EC%9E%A5/place/1612778349?c=15.00,0,0,0,dh&placePath=/review&isCorrectAnswer=true"
251,서대문문화체육회관 실내수영장,"https://map.naver.com/p/search/%EC%84%9C%EB%8C%80%EB%AC%B8%EB%AC%B8%ED%99%94%EC%B2%B4%EC%9C%A1%ED%9A%8C%EA%B4%80%20%EC%8B%A4%EB%82%B4%EC%88%98%EC%98%81%EC%9E%A5/place/331529822?c=15.00,0,0,0,dh&placePath=/review&isCorrectAnswer=true"
252,서브마린수영장,"https://map.naver.com/p/search/%EC%84%9C%EB%B8%8C%EB%A7%88%EB%A6%B0%EC%88%98%EC%98%81%EC%9E%A5/?c=15.00,0,0,0,dh"
253,서산 덕송지,"https://map.naver.com/p/search/%EC%84%9C%EC%82%B0%20%EB%8D%95%EC%86%A1%EC%A7%80/?c=15.00,0,0,0,dh"
254,서서울호수공원물놀이장,"https://map.naver.com/p/search/%EC%84%9C%EC%84%9C%EC%9A%B8%ED%98%B8%EC%88%98%EA%B3%B5%EC%9B%90%EB%AC%BC%EB%86%80%EC%9D%B4%EC%9E%A5/?c=15.00,0,0,0,dh"
255,서신바다낚시터,"https://map.naver.com/p/search/%EC%84%9C%EC%8B%A0%EB%B0%94%EB%8B%A4%EB%82%9A%EC%8B%9C%ED%84%B0/?c=15.00,0,0,0,dh"
256,서울바다낚시터,"https://map.naver.com/p/search/%EC%84%9C%EC%9A%B8%EB%B0%94%EB%8B%A4%EB%82%9A%EC%8B%9C%ED%84%B0/?c=10.00,0,0,0,dh"
257,서울윈드서핑장,"https://map.naver.com/p/search/%EC%84%9C%EC%9A%B8%EC%9C%88%EB%93%9C%EC%84%9C%ED%95%91%EC%9E%A5/place/1446043365?c=15.00,0,0,0,dh&placePath=/review&isCorrectAnswer=true"
258,서지관광농원,"https://map.naver.com/p/search/%EC%84%9C%EC%A7%80%EA%B4%80%EA%B4%91%EB%86%8D%EC%9B%90/?c=15.00,0,0,0,dh"
259,서초YMCA 수영장(실내),"https://map.naver.com/p/search/%EC%84%9C%EC%B4%88YMCA%20%EC%88%98%EC%98%81%EC%9E%A5%28%EC%8B%A4%EB%82%B4%29/?c=15.00,0,0,0,dh"
260,서프라운지,"https://map.naver.com/p/search/%EC%84%9C%ED%94%84%EB%9D%BC%EC%9A%B4%EC%A7%80/?c=15.00,0,0,0,dh"
261,서프마린,"https://map.naver.com/p/search/%EC%84%9C%ED%94%84%EB%A7%88%EB%A6%B0/?c=15.00,0,0,0,dh"
262,서프홀릭포항,"https://map.naver.com/p/search/%EC%84%9C%ED%94%84%ED%99%80%EB%A6%AD%ED%8F%AC%ED%95%AD/?c=15.00,0,0,0,dh"
263,"서피비치, 서핑(양양)","https://map.naver.com/p/search/%EC%84%9C%ED%94%BC%EB%B9%84%EC%B9%98%2C%20%EC%84%9C%ED%95%91%28%EC%96%91%EC%96%91%29/?c=15.00,0,0,0,dh"
264,서핑라이더 분당점,"https://map.naver.com/p/search/%EC%84%9C%ED%95%91%EB%9D%BC%EC%9D%B4%EB%8D%94%20%EB%B6%84%EB%8B%B9%EC%A0%90/place/1953111193?c=15.00,0,0,0,dh&placePath=/review&isCorrectAnswer=true"
265,서핑존,"https://map.naver.com/p/search/%EC%84%9C%ED%95%91%EC%A1%B4/?c=15.00,0,0,0,dh"
266,석곡낚시터,"https://map.naver.com/p/search/%EC%84%9D%EA%B3%A1%EB%82%9A%EC%8B%9C%ED%84%B0/?c=12.00,0,0,0,dh"
267,선두바다낚시터,"https://map.naver.com/p/search/%EC%84%A0%EB%91%90%EB%B0%94%EB%8B%A4%EB%82%9A%EC%8B%9C%ED%84%B0/place/38309798?c=15.00,0,0,0,dh&placePath=/review&isCorrectAnswer=true"
268,선두포저수지,"https://map.naver.com/p/search/%EC%84%A0%EB%91%90%ED%8F%AC%EC%A0%80%EC%88%98%EC%A7%80/?c=15.00,0,0,0,dh"
269,선재바다낚시공원,"https://map.naver.com/p/search/%EC%84%A0%EC%9E%AC%EB%B0%94%EB%8B%A4%EB%82%9A%EC%8B%9C%EA%B3%B5%EC%9B%90/place/929122918?c=15.00,0,0,0,dh&placePath=/review&isCorrectAnswer=true"
270,설악레저스쿨(바다래프팅),"https://map.naver.com/p/search/%EC%84%A4%EC%95%85%EB%A0%88%EC%A0%80%EC%8A%A4%EC%BF%A8%28%EB%B0%94%EB%8B%A4%EB%9E%98%ED%94%84%ED%8C%85%29/?c=15.00,0,0,0,dh"
271,섬진강 래프팅 투어,"https://map.naver.com/p/search/%EC%84%AC%EC%A7%84%EA%B0%95%20%EB%9E%98%ED%94%84%ED%8C%85%20%ED%88%AC%EC%96%B4/place/21250926?c=15.00,0,0,0,dh&placePath=/review&isCorrectAnswer=true"
272,섬진강곡성래프팅,"https://map.naver.com/p/search/%EC%84%AC%EC%A7%84%EA%B0%95%EA%B3%A1%EC%84%B1%EB%9E%98%ED%94%84%ED%8C%85/?c=15.00,0,0,0,dh"
273,섬진레저스쿨래프팅,"https://map.naver.com/p/search/%EC%84%AC%EC%A7%84%EB%A0%88%EC%A0%80%EC%8A%A4%EC%BF%A8%EB%9E%98%ED%94%84%ED%8C%85/place/12882613?c=15.00,0,0,0,dh&placePath=/review&isCorrectAnswer=true"
274,성은낚시터,"https://map.naver.com/p/search/%EC%84%B1%EC%9D%80%EB%82%9A%EC%8B%9C%ED%84%B0/?c=15.00,0,0,0,dh"
275,성호낚시터,"https://map.naver.com/p/search/%EC%84%B1%ED%98%B8%EB%82%9A%EC%8B%9C%ED%84%B0/?c=15.00,0,0,0,dh"
276,세재골농원,"https://map.naver.com/p/search/%EC%84%B8%EC%9E%AC%EA%B3%A8%EB%86%8D%EC%9B%90/place/38405236?c=15.00,0,0,0,dh&placePath=/review&isCorrectAnswer=true"
277,소노캄 거제 마리나베이 요트투어,"https://map.naver.com/p/search/%EC%86%8C%EB%85%B8%EC%BA%84%20%EA%B1%B0%EC%A0%9C%20%EB%A7%88%EB%A6%AC%EB%82%98%EB%B2%A0%EC%9D%B4%20%EC%9A%94%ED%8A%B8%ED%88%AC%EC%96%B4/?c=15.00,0,0,0,dh"
278,소노캄거제 오션어드벤쳐,"https://map.naver.com/p/search/%EC%86%8C%EB%85%B8%EC%BA%84%EA%B1%B0%EC%A0%9C%20%EC%98%A4%EC%85%98%EC%96%B4%EB%93%9C%EB%B2%A4%EC%B3%90/?c=15.00,0,0,0,dh"
279,소래바다낚시터,"https://map.naver.com/p/search/%EC%86%8C%EB%9E%98%EB%B0%94%EB%8B%A4%EB%82%9A%EC%8B%9C%ED%84%B0/place/804024374?c=15.00,0,0,0,dh&placePath=/review&isCorrectAnswer=true"
280,소호요트마리나 / 소호요트경기장,"https://map.naver.com/p/search/%EC%86%8C%ED%98%B8%EC%9A%94%ED%8A%B8%EB%A7%88%EB%A6%AC%EB%82%98%20%2F%20%EC%86%8C%ED%98%B8%EC%9A%94%ED%8A%B8%EA%B2%BD%EA%B8%B0%EC%9E%A5/place/16973725?c=15.00,0,0,0,dh&placePath=/review&isCorrectAnswer=true"
281,속초마리나,"https://map.naver.com/p/search/%EC%86%8D%EC%B4%88%EB%A7%88%EB%A6%AC%EB%82%98/?c=15.00,0,0,0,dh"
282,속초연안 배낚시,"https://map.naver.com/p/search/%EC%86%8D%EC%B4%88%EC%97%B0%EC%95%88%20%EB%B0%B0%EB%82%9A%EC%8B%9C/?c=15.00,0,0,0,dh"
283,속초코마린요트공원,"https://map.naver.com/p/search/%EC%86%8D%EC%B4%88%EC%BD%94%EB%A7%88%EB%A6%B0%EC%9A%94%ED%8A%B8%EA%B3%B5%EC%9B%90/place/31116504?c=15.00,0,0,0,dh&placePath=/review&isCorrectAnswer=true"
284,솟골낚시터,"https://map.naver.com/p/search/%EC%86%9F%EA%B3%A8%EB%82%9A%EC%8B%9C%ED%84%B0/place/11641635?c=15.00,0,0,0,dh&placePath=/review&isCorrectAnswer=true"
285,송강카누학교,"https://map.naver.com/p/search/%EC%86%A1%EA%B0%95%EC%B9%B4%EB%88%84%ED%95%99%EA%B5%90/?c=15.00,0,0,0,dh"
286,송강카누학교 서울분교,"https://map.naver.com/p/search/%EC%86%A1%EA%B0%95%EC%B9%B4%EB%88%84%ED%95%99%EA%B5%90%20%EC%84%9C%EC%9A%B8%EB%B6%84%EA%B5%90/place/1307883291?c=15.00,0,0,0,dh&placePath=/review&isCorrectAnswer=true"
287,송도해양레포츠센터,"https://map.naver.com/p/search/%EC%86%A1%EB%8F%84%ED%95%B4%EC%96%91%EB%A0%88%ED%8F%AC%EC%B8%A0%EC%84%BC%ED%84%B0/?c=15.00,0,0,0,dh"
288,송라저수지,"https://map.naver.com/p/search/%EC%86%A1%EB%9D%BC%EC%A0%80%EC%88%98%EC%A7%80/?c=15.00,0,0,0,dh"
289,송악저수지,"https://map.naver.com/p/search/%EC%86%A1%EC%95%85%EC%A0%80%EC%88%98%EC%A7%80/?c=15.00,0,0,0,dh"
290,송전지 낚시터,"https://map.naver.com/p/search/%EC%86%A1%EC%A0%84%EC%A7%80%20%EB%82%9A%EC%8B%9C%ED%84%B0/?c=15.00,0,0,0,dh"
291,송정서핑학교,"https://map.naver.com/p/search/%EC%86%A1%EC%A0%95%EC%84%9C%ED%95%91%ED%95%99%EA%B5%90/?c=15.00,0,0,0,dh"
292,송정저수지 (부여),"https://map.naver.com/p/search/%EC%86%A1%EC%A0%95%EC%A0%80%EC%88%98%EC%A7%80%20%28%EB%B6%80%EC%97%AC%29/?c=15.00,0,0,0,dh"
293,수곡낚시터,"https://map.naver.com/p/search/%EC%88%98%EA%B3%A1%EB%82%9A%EC%8B%9C%ED%84%B0/?c=15.00,0,0,0,dh"
294,수달레저,"https://map.naver.com/p/search/%EC%88%98%EB%8B%AC%EB%A0%88%EC%A0%80/?c=15.00,0,0,0,dh"
295,수목원낚시터,"https://map.naver.com/p/search/%EC%88%98%EB%AA%A9%EC%9B%90%EB%82%9A%EC%8B%9C%ED%84%B0/?c=15.00,0,0,0,dh"
296,수산항 낚시터,"https://map.naver.com/p/search/%EC%88%98%EC%82%B0%ED%95%AD%20%EB%82%9A%EC%8B%9C%ED%84%B0/?c=15.00,0,0,0,dh"
297,수상레저V,"https://map.naver.com/p/search/%EC%88%98%EC%83%81%EB%A0%88%EC%A0%80V/place/12193568?c=15.00,0,0,0,dh&placePath=/review&isCorrectAnswer=true"
298,수암낚시터,"https://map.naver.com/p/search/%EC%88%98%EC%95%94%EB%82%9A%EC%8B%9C%ED%84%B0/?c=12.00,0,0,0,dh"
299,수영만 요트경기장,"https://map.naver.com/p/search/%EC%88%98%EC%98%81%EB%A7%8C%20%EC%9A%94%ED%8A%B8%EA%B2%BD%EA%B8%B0%EC%9E%A5/?c=15.00,0,0,0,dh"
300,수인리낚시터,"https://map.naver.com/p/search/%EC%88%98%EC%9D%B8%EB%A6%AC%EB%82%9A%EC%8B%9C%ED%84%B0/?c=15.00,0,0,0,dh"
301,수청저수지,"https://map.naver.com/p/search/%EC%88%98%EC%B2%AD%EC%A0%80%EC%88%98%EC%A7%80/?c=15.00,0,0,0,dh"
302,스쿠바몰,"https://map.naver.com/p/search/%EC%8A%A4%EC%BF%A0%EB%B0%94%EB%AA%B0/place/11590759?c=15.00,0,0,0,dh&placePath=/review&isCorrectAnswer=true"
303,스쿠버다이빙(양양),"https://map.naver.com/p/search/%EC%8A%A4%EC%BF%A0%EB%B2%84%EB%8B%A4%EC%9D%B4%EB%B9%99%28%EC%96%91%EC%96%91%29/?c=15.00,0,0,0,dh"
304,스킨/스쿠버 다이빙,"https://map.naver.com/p/search/%EC%8A%A4%ED%82%A8%2F%EC%8A%A4%EC%BF%A0%EB%B2%84%20%EB%8B%A4%EC%9D%B4%EB%B9%99/?c=15.00,0,0,0,dh"
305,스타바다좌대낚시터,"https://map.naver.com/p/search/%EC%8A%A4%ED%83%80%EB%B0%94%EB%8B%A4%EC%A2%8C%EB%8C%80%EB%82%9A%EC%8B%9C%ED%84%B0/place/37918145?c=15.00,0,0,0,dh&placePath=/review&isCorrectAnswer=true"
306,신봉낚시터,"https://map.naver.com/p/search/%EC%8B%A0%EB%B4%89%EB%82%9A%EC%8B%9C%ED%84%B0/place/13432769?c=15.00,0,0,0,dh&placePath=/review&isCorrectAnswer=true"
307,신석스포렉스수영장,"https://map.naver.com/p/search/%EC%8B%A0%EC%84%9D%EC%8A%A4%ED%8F%AC%EB%A0%89%EC%8A%A4%EC%88%98%EC%98%81%EC%9E%A5/place/1873273803?c=15.00,0,0,0,dh&placePath=/review&isCorrectAnswer=true"
308,신선낚시터,"https://map.naver.com/p/search/%EC%8B%A0%EC%84%A0%EB%82%9A%EC%8B%9C%ED%84%B0/?c=15.00,0,0,0,dh"
309,신세계수상레져,"https://map.naver.com/p/search/%EC%8B%A0%EC%84%B8%EA%B3%84%EC%88%98%EC%83%81%EB%A0%88%EC%A0%B8/?c=15.00,0,0,0,dh"
310,신수낚시터,"https://map.naver.com/p/search/%EC%8B%A0%EC%88%98%EB%82%9A%EC%8B%9C%ED%84%B0/?c=15.00,0,0,0,dh"
311,신안 1004요트,"https://map.naver.com/p/search/%EC%8B%A0%EC%95%88%201004%EC%9A%94%ED%8A%B8/?c=15.00,0,0,0,dh"
312,신암낚시터,"https://map.naver.com/p/search/%EC%8B%A0%EC%95%94%EB%82%9A%EC%8B%9C%ED%84%B0/place/11670195?c=15.00,0,0,0,dh&placePath=/review&isCorrectAnswer=true"
313,신원낚시터,"https://map.naver.com/p/search/%EC%8B%A0%EC%9B%90%EB%82%9A%EC%8B%9C%ED%84%B0/?c=15.00,0,0,0,dh"
314,신지도.고금도.약산도(바다낚시),"https://map.naver.com/p/search/%EC%8B%A0%EC%A7%80%EB%8F%84.%EA%B3%A0%EA%B8%88%EB%8F%84.%EC%95%BD%EC%82%B0%EB%8F%84%28%EB%B0%94%EB%8B%A4%EB%82%9A%EC%8B%9C%29/?c=15.00,0,0,0,dh"
315,신창리 앞바다,"https://map.naver.com/p/search/%EC%8B%A0%EC%B0%BD%EB%A6%AC%20%EC%95%9E%EB%B0%94%EB%8B%A4/?c=15.00,0,0,0,dh"
316,신촌낚시터,"https://map.naver.com/p/search/%EC%8B%A0%EC%B4%8C%EB%82%9A%EC%8B%9C%ED%84%B0/?c=15.00,0,0,0,dh"
317,신포낚시터,"https://map.naver.com/p/search/%EC%8B%A0%ED%8F%AC%EB%82%9A%EC%8B%9C%ED%84%B0/?c=12.00,0,0,0,dh"
318,신흥바다낚시공원,"https://map.naver.com/p/search/%EC%8B%A0%ED%9D%A5%EB%B0%94%EB%8B%A4%EB%82%9A%EC%8B%9C%EA%B3%B5%EC%9B%90/place/1185839878?c=15.00,0,0,0,dh&placePath=/review&isCorrectAnswer=true"
319,쌍방죽낚시터,"https://map.naver.com/p/search/%EC%8C%8D%EB%B0%A9%EC%A3%BD%EB%82%9A%EC%8B%9C%ED%84%B0/place/18328500?c=15.00,0,0,0,dh&placePath=/review&isCorrectAnswer=true"
320,쌍용 수상스키,"https://map.naver.com/p/search/%EC%8C%8D%EC%9A%A9%20%EC%88%98%EC%83%81%EC%8A%A4%ED%82%A4/?c=15.00,0,0,0,dh"
321,썬밸리워터파크,"https://map.naver.com/p/search/%EC%8D%AC%EB%B0%B8%EB%A6%AC%EC%9B%8C%ED%84%B0%ED%8C%8C%ED%81%AC/?c=15.00,0,0,0,dh"
322,썸머쿨래프팅,"https://map.naver.com/p/search/%EC%8D%B8%EB%A8%B8%EC%BF%A8%EB%9E%98%ED%94%84%ED%8C%85/place/34870364?c=15.00,0,0,0,dh&placePath=/review&isCorrectAnswer=true"
323,씨프랜드,"https://map.naver.com/p/search/%EC%94%A8%ED%94%84%EB%9E%9C%EB%93%9C/?c=15.00,0,0,0,dh"
324,아난티 코브 워터하우스,"https://map.naver.com/p/search/%EC%95%84%EB%82%9C%ED%8B%B0%20%EC%BD%94%EB%B8%8C%20%EC%9B%8C%ED%84%B0%ED%95%98%EC%9A%B0%EC%8A%A4/?c=15.00,0,0,0,dh"
325,아라마리나 해양아카데미,"https://map.naver.com/p/search/%EC%95%84%EB%9D%BC%EB%A7%88%EB%A6%AC%EB%82%98%20%ED%95%B4%EC%96%91%EC%95%84%EC%B9%B4%EB%8D%B0%EB%AF%B8/?c=15.00,0,0,0,dh"
326,아리수수상레저,"https://map.naver.com/p/search/%EC%95%84%EB%A6%AC%EC%88%98%EC%88%98%EC%83%81%EB%A0%88%EC%A0%80/place/1107010886?c=15.00,0,0,0,dh&placePath=/review&isCorrectAnswer=true"
327,아산 방축수영장,"https://map.naver.com/p/search/%EC%95%84%EC%82%B0%20%EB%B0%A9%EC%B6%95%EC%88%98%EC%98%81%EC%9E%A5/?c=13.00,0,0,0,dh"
328,안동호,"https://map.naver.com/p/search/%EC%95%88%EB%8F%99%ED%98%B8/?c=15.00,0,0,0,dh"
329,안면도 라암도 해상낚시공원,"https://map.naver.com/p/search/%EC%95%88%EB%A9%B4%EB%8F%84%20%EB%9D%BC%EC%95%94%EB%8F%84%20%ED%95%B4%EC%83%81%EB%82%9A%EC%8B%9C%EA%B3%B5%EC%9B%90/?c=15.00,0,0,0,dh"
330,안석낚시터,"https://map.naver.com/p/search/%EC%95%88%EC%84%9D%EB%82%9A%EC%8B%9C%ED%84%B0/place/13433000?c=15.00,0,0,0,dh&placePath=/review&isCorrectAnswer=true"
331,안양종합운동장수영장,"https://map.naver.com/p/search/%EC%95%88%EC%96%91%EC%A2%85%ED%95%A9%EC%9A%B4%EB%8F%99%EC%9E%A5%EC%88%98%EC%98%81%EC%9E%A5/?c=15.00,0,0,0,dh"
332,안양천 물놀이장,"https://map.naver.com/p/search/%EC%95%88%EC%96%91%EC%B2%9C%20%EB%AC%BC%EB%86%80%EC%9D%B4%EC%9E%A5/?c=12.00,0,0,0,dh"
333,양벌낚시터,"https://map.naver.com/p/search/%EC%96%91%EB%B2%8C%EB%82%9A%EC%8B%9C%ED%84%B0/place/19446374?c=15.00,0,0,0,dh&placePath=/review&isCorrectAnswer=true"
334,양오낚시터,"https://map.naver.com/p/search/%EC%96%91%EC%98%A4%EB%82%9A%EC%8B%9C%ED%84%B0/?c=15.00,0,0,0,dh"
335,양주유수풀파크&바베큐장,"https://map.naver.com/p/search/%EC%96%91%EC%A3%BC%EC%9C%A0%EC%88%98%ED%92%80%ED%8C%8C%ED%81%AC%26%EB%B0%94%EB%B2%A0%ED%81%90%EC%9E%A5/place/505694708?c=15.00,0,0,0,dh&placePath=/review&isCorrectAnswer=true"
336,양촌낚시터,"https://map.naver.com/p/search/%EC%96%91%EC%B4%8C%EB%82%9A%EC%8B%9C%ED%84%B0/?c=12.00,0,0,0,dh"
337,양촌성구랜드,"https://map.naver.com/p/search/%EC%96%91%EC%B4%8C%EC%84%B1%EA%B5%AC%EB%9E%9C%EB%93%9C/place/51650728?c=15.00,0,0,0,dh&placePath=/review&isCorrectAnswer=true"
338,양포방파제,"https://map.naver.com/p/search/%EC%96%91%ED%8F%AC%EB%B0%A9%ED%8C%8C%EC%A0%9C/place/15700871?c=15.00,0,0,0,dh&placePath=/review&isCorrectAnswer=true"
339,양화저수지,"https://map.naver.com/p/search/%EC%96%91%ED%99%94%EC%A0%80%EC%88%98%EC%A7%80/?c=15.00,0,0,0,dh"
340,어심바다낚시터,"https://map.naver.com/p/search/%EC%96%B4%EC%8B%AC%EB%B0%94%EB%8B%A4%EB%82%9A%EC%8B%9C%ED%84%B0/place/12320164?c=15.00,0,0,0,dh&placePath=/review&isCorrectAnswer=true"
341,어우실낚시터,"https://map.naver.com/p/search/%EC%96%B4%EC%9A%B0%EC%8B%A4%EB%82%9A%EC%8B%9C%ED%84%B0/?c=15.00,0,0,0,dh"
342,어천저수지,"https://map.naver.com/p/search/%EC%96%B4%EC%B2%9C%EC%A0%80%EC%88%98%EC%A7%80/place/19126337?c=15.00,0,0,0,dh&placePath=/review&isCorrectAnswer=true"
343,엄천강 래프팅,"https://map.naver.com/p/search/%EC%97%84%EC%B2%9C%EA%B0%95%20%EB%9E%98%ED%94%84%ED%8C%85/?c=15.00,0,0,0,dh"
344,엄천강 카누카약,"https://map.naver.com/p/search/%EC%97%84%EC%B2%9C%EA%B0%95%20%EC%B9%B4%EB%88%84%EC%B9%B4%EC%95%BD/?c=15.00,0,0,0,dh"
345,에이알서프,"https://map.naver.com/p/search/%EC%97%90%EC%9D%B4%EC%95%8C%EC%84%9C%ED%94%84/place/1370508786?c=15.00,0,0,0,dh&placePath=/review&isCorrectAnswer=true"
346,엠엘피서프(엠엘피서핑),"https://map.naver.com/p/search/%EC%97%A0%EC%97%98%ED%94%BC%EC%84%9C%ED%94%84%28%EC%97%A0%EC%97%98%ED%94%BC%EC%84%9C%ED%95%91%29/place/32875609?c=15.00,0,0,0,dh&placePath=/review&isCorrectAnswer=true"
347,여성문화회관 수영장(실내),"https://map.naver.com/p/search/%EC%97%AC%EC%84%B1%EB%AC%B8%ED%99%94%ED%9A%8C%EA%B4%80%20%EC%88%98%EC%98%81%EC%9E%A5%28%EC%8B%A4%EB%82%B4%29/place/202166667?c=15.00,0,0,0,dh&placePath=/review&isCorrectAnswer=true"
348,여수 아그리나 요트투어,"https://map.naver.com/p/search/%EC%97%AC%EC%88%98%20%EC%95%84%EA%B7%B8%EB%A6%AC%EB%82%98%20%EC%9A%94%ED%8A%B8%ED%88%AC%EC%96%B4/place/1728293137?c=15.00,0,0,0,dh&placePath=/review&isCorrectAnswer=true"
349,여주그린수상레저,"https://map.naver.com/p/search/%EC%97%AC%EC%A3%BC%EA%B7%B8%EB%A6%B0%EC%88%98%EC%83%81%EB%A0%88%EC%A0%80/place/1906475086?c=15.00,0,0,0,dh&placePath=/review&isCorrectAnswer=true"
350,여주시 수상센터,"https://map.naver.com/p/search/%EC%97%AC%EC%A3%BC%EC%8B%9C%20%EC%88%98%EC%83%81%EC%84%BC%ED%84%B0/place/1421761408?c=15.00,0,0,0,dh&placePath=/review&isCorrectAnswer=true"
351,역삼청소년수련관(실내수영장),"https://map.naver.com/p/search/%EC%97%AD%EC%82%BC%EC%B2%AD%EC%86%8C%EB%85%84%EC%88%98%EB%A0%A8%EA%B4%80%28%EC%8B%A4%EB%82%B4%EC%88%98%EC%98%81%EC%9E%A5%29/place/21647153?c=15.00,0,0,0,dh&placePath=/review&isCorrectAnswer=true"
352,연곡낚시터,"https://map.naver.com/p/search/%EC%97%B0%EA%B3%A1%EB%82%9A%EC%8B%9C%ED%84%B0/?c=15.00,0,0,0,dh"
353,연대도일대,"https://map.naver.com/p/search/%EC%97%B0%EB%8C%80%EB%8F%84%EC%9D%BC%EB%8C%80/?c=15.00,0,0,0,dh"
354,연대천래프팅,"https://map.naver.com/p/search/%EC%97%B0%EB%8C%80%EC%B2%9C%EB%9E%98%ED%94%84%ED%8C%85/place/12370378?c=15.00,0,0,0,dh&placePath=/review&isCorrectAnswer=true"
355,연화도선착장(바다낚시),"https://map.naver.com/p/search/%EC%97%B0%ED%99%94%EB%8F%84%EC%84%A0%EC%B0%A9%EC%9E%A5%28%EB%B0%94%EB%8B%A4%EB%82%9A%EC%8B%9C%29/?c=15.00,0,0,0,dh"
356,영덕군 경정2리 차유돔 바위,"https://map.naver.com/p/search/%EC%98%81%EB%8D%95%EA%B5%B0%20%EA%B2%BD%EC%A0%952%EB%A6%AC%20%EC%B0%A8%EC%9C%A0%EB%8F%94%20%EB%B0%94%EC%9C%84/?c=15.00,0,0,0,dh"
357,영월동강삼성래프팅,"https://map.naver.com/p/search/%EC%98%81%EC%9B%94%EB%8F%99%EA%B0%95%EC%82%BC%EC%84%B1%EB%9E%98%ED%94%84%ED%8C%85/place/21594970?c=15.00,0,0,0,dh&placePath=/review&isCorrectAnswer=true"
358,영인낚시터,"https://map.naver.com/p/search/%EC%98%81%EC%9D%B8%EB%82%9A%EC%8B%9C%ED%84%B0/?c=15.00,0,0,0,dh"
359,영흥바다낚시터,"https://map.naver.com/p/search/%EC%98%81%ED%9D%A5%EB%B0%94%EB%8B%A4%EB%82%9A%EC%8B%9C%ED%84%B0/?c=12.00,0,0,0,dh"
360,예당저수지(예당관광지),"https://map.naver.com/p/search/%EC%98%88%EB%8B%B9%EC%A0%80%EC%88%98%EC%A7%80%28%EC%98%88%EB%8B%B9%EA%B4%80%EA%B4%91%EC%A7%80%29/place/13490886?c=15.00,0,0,0,dh&placePath=/review&isCorrectAnswer=true"
361,오동나무수상레저,"https://map.naver.com/p/search/%EC%98%A4%EB%8F%99%EB%82%98%EB%AC%B4%EC%88%98%EC%83%81%EB%A0%88%EC%A0%80/place/1998466050?c=15.00,0,0,0,dh&placePath=/review&isCorrectAnswer=true"
362,오류내낚시터,"https://map.naver.com/p/search/%EC%98%A4%EB%A5%98%EB%82%B4%EB%82%9A%EC%8B%9C%ED%84%B0/place/1033657319?c=15.00,0,0,0,dh&placePath=/review&isCorrectAnswer=true"
363,오목 낚시터(신창 오목 낚시터),"https://map.naver.com/p/search/%EC%98%A4%EB%AA%A9%20%EB%82%9A%EC%8B%9C%ED%84%B0%28%EC%8B%A0%EC%B0%BD%20%EC%98%A4%EB%AA%A9%20%EB%82%9A%EC%8B%9C%ED%84%B0%29/place/12824507?c=15.00,0,0,0,dh&placePath=/review&isCorrectAnswer=true"
364,오봉저수지,"https://map.naver.com/p/search/%EC%98%A4%EB%B4%89%EC%A0%80%EC%88%98%EC%A7%80/?c=15.00,0,0,0,dh"
365,오션브리즈요트,"https://map.naver.com/p/search/%EC%98%A4%EC%85%98%EB%B8%8C%EB%A6%AC%EC%A6%88%EC%9A%94%ED%8A%B8/place/248216273?c=15.00,0,0,0,dh&placePath=/review&isCorrectAnswer=true"
366,오션수영장,"https://map.naver.com/p/search/%EC%98%A4%EC%85%98%EC%88%98%EC%98%81%EC%9E%A5/?c=15.00,0,0,0,dh"
367,오션차일드 발산센터,"https://map.naver.com/p/search/%EC%98%A4%EC%85%98%EC%B0%A8%EC%9D%BC%EB%93%9C%20%EB%B0%9C%EC%82%B0%EC%84%BC%ED%84%B0/place/1892616326?c=15.00,0,0,0,dh&placePath=/review&isCorrectAnswer=true"
368,오십천하구,"https://map.naver.com/p/search/%EC%98%A4%EC%8B%AD%EC%B2%9C%ED%95%98%EA%B5%AC/?c=15.00,0,0,0,dh"
369,오천 안면도,"https://map.naver.com/p/search/%EC%98%A4%EC%B2%9C%20%EC%95%88%EB%A9%B4%EB%8F%84/?c=15.00,0,0,0,dh"
370,오태지,"https://map.naver.com/p/search/%EC%98%A4%ED%83%9C%EC%A7%80/place/15383301?c=15.00,0,0,0,dh&placePath=/review&isCorrectAnswer=true"
371,온정방파제,"https://map.naver.com/p/search/%EC%98%A8%EC%A0%95%EB%B0%A9%ED%8C%8C%EC%A0%9C/place/1665635163?c=15.00,0,0,0,dh&placePath=/review&isCorrectAnswer=true"
372,옹포천어울공원수영장,"https://map.naver.com/p/search/%EC%98%B9%ED%8F%AC%EC%B2%9C%EC%96%B4%EC%9A%B8%EA%B3%B5%EC%9B%90%EC%88%98%EC%98%81%EC%9E%A5/place/1933360519?c=15.00,0,0,0,dh&placePath=/review&isCorrectAnswer=true"
373,와이키키레저,"https://map.naver.com/p/search/%EC%99%80%EC%9D%B4%ED%82%A4%ED%82%A4%EB%A0%88%EC%A0%80/?c=15.00,0,0,0,dh"
374,완도(바다낚시),"https://map.naver.com/p/search/%EC%99%84%EB%8F%84%28%EB%B0%94%EB%8B%A4%EB%82%9A%EC%8B%9C%29/?c=15.00,0,0,0,dh"
375,왕골낚시터,"https://map.naver.com/p/search/%EC%99%95%EA%B3%A8%EB%82%9A%EC%8B%9C%ED%84%B0/?c=15.00,0,0,0,dh"
376,왕산요트경기장,"https://map.naver.com/p/search/%EC%99%95%EC%82%B0%EC%9A%94%ED%8A%B8%EA%B2%BD%EA%B8%B0%EC%9E%A5/place/35408674?c=15.00,0,0,0,dh&placePath=/review&isCorrectAnswer=true"
377,요덕골낚시터,"https://map.naver.com/p/search/%EC%9A%94%EB%8D%95%EA%B3%A8%EB%82%9A%EC%8B%9C%ED%84%B0/place/19288507?c=15.00,0,0,0,dh&placePath=/review&isCorrectAnswer=true"
378,요트 마리나 (목포),"https://map.naver.com/p/search/%EC%9A%94%ED%8A%B8%20%EB%A7%88%EB%A6%AC%EB%82%98%20%28%EB%AA%A9%ED%8F%AC%29/?c=15.00,0,0,0,dh"
379,요트&수산어촌체험(양양),"https://map.naver.com/p/search/%EC%9A%94%ED%8A%B8%26%EC%88%98%EC%82%B0%EC%96%B4%EC%B4%8C%EC%B2%B4%ED%97%98%28%EC%96%91%EC%96%91%29/?c=15.00,0,0,0,dh"
380,요트탈래,"https://map.naver.com/p/search/%EC%9A%94%ED%8A%B8%ED%83%88%EB%9E%98/?c=15.00,0,0,0,dh"
381,요트투어 샹그릴라,"https://map.naver.com/p/search/%EC%9A%94%ED%8A%B8%ED%88%AC%EC%96%B4%20%EC%83%B9%EA%B7%B8%EB%A6%B4%EB%9D%BC/?c=15.00,0,0,0,dh"
382,용곡지,"https://map.naver.com/p/search/%EC%9A%A9%EA%B3%A1%EC%A7%80/?c=15.00,0,0,0,dh"
383,용담낚시터,"https://map.naver.com/p/search/%EC%9A%A9%EB%8B%B4%EB%82%9A%EC%8B%9C%ED%84%B0/?c=12.00,0,0,0,dh"
384,용담바다낚시터,"https://map.naver.com/p/search/%EC%9A%A9%EB%8B%B4%EB%B0%94%EB%8B%A4%EB%82%9A%EC%8B%9C%ED%84%B0/place/11622082?c=15.00,0,0,0,dh&placePath=/review&isCorrectAnswer=true"
385,용면파크낚시터,"https://map.naver.com/p/search/%EC%9A%A9%EB%A9%B4%ED%8C%8C%ED%81%AC%EB%82%9A%EC%8B%9C%ED%84%B0/place/12834405?c=15.00,0,0,0,dh&placePath=/review&isCorrectAnswer=true"
386,용산초등학교 실내수영장,"https://map.naver.com/p/search/%EC%9A%A9%EC%82%B0%EC%B4%88%EB%93%B1%ED%95%99%EA%B5%90%20%EC%8B%A4%EB%82%B4%EC%88%98%EC%98%81%EC%9E%A5/?c=15.00,0,0,0,dh"
387,용설낚시터,"https://map.naver.com/p/search/%EC%9A%A9%EC%84%A4%EB%82%9A%EC%8B%9C%ED%84%B0/?c=15.00,0,0,0,dh"
388,용연저수지,"https://map.naver.com/p/search/%EC%9A%A9%EC%97%B0%EC%A0%80%EC%88%98%EC%A7%80/?c=15.00,0,0,0,dh"
389,용인레저스포츠 야외수영장,"https://map.naver.com/p/search/%EC%9A%A9%EC%9D%B8%EB%A0%88%EC%A0%80%EC%8A%A4%ED%8F%AC%EC%B8%A0%20%EC%95%BC%EC%99%B8%EC%88%98%EC%98%81%EC%9E%A5/?c=15.00,0,0,0,dh"
390,용인수상스키장,"https://map.naver.com/p/search/%EC%9A%A9%EC%9D%B8%EC%88%98%EC%83%81%EC%8A%A4%ED%82%A4%EC%9E%A5/place/11558762?c=15.00,0,0,0,dh&placePath=/review&isCorrectAnswer=true"
391,용호동일대 바다낚시,"https://map.naver.com/p/search/%EC%9A%A9%ED%98%B8%EB%8F%99%EC%9D%BC%EB%8C%80%20%EB%B0%94%EB%8B%A4%EB%82%9A%EC%8B%9C/?c=12.00,0,0,0,dh"
392,우금낚시공원,"https://map.naver.com/p/search/%EC%9A%B0%EA%B8%88%EB%82%9A%EC%8B%9C%EA%B3%B5%EC%9B%90/place/18330490?c=15.00,0,0,0,dh&placePath=/review&isCorrectAnswer=true"
393,우산수영장,"https://map.naver.com/p/search/%EC%9A%B0%EC%82%B0%EC%88%98%EC%98%81%EC%9E%A5/?c=15.00,0,0,0,dh"
394,우천숲물놀이장,"https://map.naver.com/p/search/%EC%9A%B0%EC%B2%9C%EC%88%B2%EB%AC%BC%EB%86%80%EC%9D%B4%EC%9E%A5/place/1067835450?c=15.00,0,0,0,dh&placePath=/review&isCorrectAnswer=true"
395,울릉아쿠아캠프리조트,"https://map.naver.com/p/search/%EC%9A%B8%EB%A6%89%EC%95%84%EC%BF%A0%EC%95%84%EC%BA%A0%ED%94%84%EB%A6%AC%EC%A1%B0%ED%8A%B8/?c=15.00,0,0,0,dh"
396,울산중구도시관리공단수영장,"https://map.naver.com/p/search/%EC%9A%B8%EC%82%B0%EC%A4%91%EA%B5%AC%EB%8F%84%EC%8B%9C%EA%B4%80%EB%A6%AC%EA%B3%B5%EB%8B%A8%EC%88%98%EC%98%81%EC%9E%A5/place/1802546474?c=15.00,0,0,0,dh&placePath=/review&isCorrectAnswer=true"
397,울성낚시터,"https://map.naver.com/p/search/%EC%9A%B8%EC%84%B1%EB%82%9A%EC%8B%9C%ED%84%B0/place/1809288406?c=15.00,0,0,0,dh&placePath=/review&isCorrectAnswer=true"
398,울주해양레포츠센터,"https://map.naver.com/p/search/%EC%9A%B8%EC%A3%BC%ED%95%B4%EC%96%91%EB%A0%88%ED%8F%AC%EC%B8%A0%EC%84%BC%ED%84%B0/?c=15.00,0,0,0,dh"
399,원당낚시터,"https://map.naver.com/p/search/%EC%9B%90%EB%8B%B9%EB%82%9A%EC%8B%9C%ED%84%B0/?c=12.00,0,0,0,dh"
400,원천낚시터,"https://map.naver.com/p/search/%EC%9B%90%EC%B2%9C%EB%82%9A%EC%8B%9C%ED%84%B0/place/1251544239?c=15.00,0,0,0,dh&placePath=/review&isCorrectAnswer=true"
401,월명낚시터,"https://map.naver.com/p/search/%EC%9B%94%EB%AA%85%EB%82%9A%EC%8B%9C%ED%84%B0/?c=12.00,0,0,0,dh"
402,월명실내수영장 (월명체육관),"https://map.naver.com/p/search/%EC%9B%94%EB%AA%85%EC%8B%A4%EB%82%B4%EC%88%98%EC%98%81%EC%9E%A5%20%28%EC%9B%94%EB%AA%85%EC%B2%B4%EC%9C%A1%EA%B4%80%29/place/20027498?c=15.00,0,0,0,dh&placePath=/review&isCorrectAnswer=true"
403,월정 투명카약,"https://map.naver.com/p/search/%EC%9B%94%EC%A0%95%20%ED%88%AC%EB%AA%85%EC%B9%B4%EC%95%BD/?c=15.00,0,0,0,dh"
404,월정리투명카약,"https://map.naver.com/p/search/%EC%9B%94%EC%A0%95%EB%A6%AC%ED%88%AC%EB%AA%85%EC%B9%B4%EC%95%BD/?c=15.00,0,0,0,dh"
405,월척낚시터,"https://map.naver.com/p/search/%EC%9B%94%EC%B2%99%EB%82%9A%EC%8B%9C%ED%84%B0/?c=15.00,0,0,0,dh"
406,월향낚시터,"https://map.naver.com/p/search/%EC%9B%94%ED%96%A5%EB%82%9A%EC%8B%9C%ED%84%B0/?c=15.00,0,0,0,dh"
407,웨이브서프,"https://map.naver.com/p/search/%EC%9B%A8%EC%9D%B4%EB%B8%8C%EC%84%9C%ED%94%84/?c=15.00,0,0,0,dh"
408,위도바다낚시,"https://map.naver.com/p/search/%EC%9C%84%EB%8F%84%EB%B0%94%EB%8B%A4%EB%82%9A%EC%8B%9C/place/21805351?c=15.00,0,0,0,dh&placePath=/review&isCorrectAnswer=true"
409,유성호텔 실내수영장,"https://map.naver.com/p/search/%EC%9C%A0%EC%84%B1%ED%98%B8%ED%85%94%20%EC%8B%A4%EB%82%B4%EC%88%98%EC%98%81%EC%9E%A5/place/182210963?c=15.00,0,0,0,dh&placePath=/review&isCorrectAnswer=true"
410,유정관광낚시터,"https://map.naver.com/p/search/%EC%9C%A0%EC%A0%95%EA%B4%80%EA%B4%91%EB%82%9A%EC%8B%9C%ED%84%B0/?c=15.00,0,0,0,dh"
411,음성용대리낚시터(용대리가든낚시터),"https://map.naver.com/p/search/%EC%9D%8C%EC%84%B1%EC%9A%A9%EB%8C%80%EB%A6%AC%EB%82%9A%EC%8B%9C%ED%84%B0%28%EC%9A%A9%EB%8C%80%EB%A6%AC%EA%B0%80%EB%93%A0%EB%82%9A%EC%8B%9C%ED%84%B0%29/place/17770620?c=15.00,0,0,0,dh&placePath=/review&isCorrectAnswer=true"
412,의암호,"https://map.naver.com/p/search/%EC%9D%98%EC%95%94%ED%98%B8/?c=15.00,0,0,0,dh"
413,의항리 해상낚시공원,"https://map.naver.com/p/search/%EC%9D%98%ED%95%AD%EB%A6%AC%20%ED%95%B4%EC%83%81%EB%82%9A%EC%8B%9C%EA%B3%B5%EC%9B%90/place/1392881655?c=15.00,0,0,0,dh&placePath=/review&isCorrectAnswer=true"
414,이무기낚시터,"https://map.naver.com/p/search/%EC%9D%B4%EB%AC%B4%EA%B8%B0%EB%82%9A%EC%8B%9C%ED%84%B0/place/11693716?c=15.00,0,0,0,dh&placePath=/review&isCorrectAnswer=true"
415,인구항 배낚시,"https://map.naver.com/p/search/%EC%9D%B8%EA%B5%AC%ED%95%AD%20%EB%B0%B0%EB%82%9A%EC%8B%9C/?c=15.00,0,0,0,dh"
416,인산낚시터,"https://map.naver.com/p/search/%EC%9D%B8%EC%82%B0%EB%82%9A%EC%8B%9C%ED%84%B0/place/33410309?c=15.00,0,0,0,dh&placePath=/review&isCorrectAnswer=true"
417,인천락실내바다낚시터,"https://map.naver.com/p/search/%EC%9D%B8%EC%B2%9C%EB%9D%BD%EC%8B%A4%EB%82%B4%EB%B0%94%EB%8B%A4%EB%82%9A%EC%8B%9C%ED%84%B0/place/1670131806?c=15.00,0,0,0,dh&placePath=/review&isCorrectAnswer=true"
418,일영한씨네,"https://map.naver.com/p/search/%EC%9D%BC%EC%98%81%ED%95%9C%EC%94%A8%EB%84%A4/place/1796337068?c=15.00,0,0,0,dh&placePath=/review&isCorrectAnswer=true"
419,임원항 (임원항방파제 ~ 도미굴),"https://map.naver.com/p/search/%EC%9E%84%EC%9B%90%ED%95%AD%20%28%EC%9E%84%EC%9B%90%ED%95%AD%EB%B0%A9%ED%8C%8C%EC%A0%9C%20~%20%EB%8F%84%EB%AF%B8%EA%B5%B4%29/?c=15.00,0,0,0,dh"
420,임진강,"https://map.naver.com/p/search/%EC%9E%84%EC%A7%84%EA%B0%95/?c=15.00,0,0,0,dh"
421,임진강 주상절리 카약,"https://map.naver.com/p/search/%EC%9E%84%EC%A7%84%EA%B0%95%20%EC%A3%BC%EC%83%81%EC%A0%88%EB%A6%AC%20%EC%B9%B4%EC%95%BD/place/1944450509?c=15.00,0,0,0,dh&placePath=/review&isCorrectAnswer=true"
422,임진강낚시터,"https://map.naver.com/p/search/%EC%9E%84%EC%A7%84%EA%B0%95%EB%82%9A%EC%8B%9C%ED%84%B0/?c=12.00,0,0,0,dh"
423,자유로레져 바다낚시터,"https://map.naver.com/p/search/%EC%9E%90%EC%9C%A0%EB%A1%9C%EB%A0%88%EC%A0%B8%20%EB%B0%94%EB%8B%A4%EB%82%9A%EC%8B%9C%ED%84%B0/place/924571674?c=15.00,0,0,0,dh&placePath=/review&isCorrectAnswer=true"
424,잠홍 저수지(상홍지),"https://map.naver.com/p/search/%EC%9E%A0%ED%99%8D%20%EC%A0%80%EC%88%98%EC%A7%80%28%EC%83%81%ED%99%8D%EC%A7%80%29/?c=15.00,0,0,0,dh"
425,장광낚시터,"https://map.naver.com/p/search/%EC%9E%A5%EA%B4%91%EB%82%9A%EC%8B%9C%ED%84%B0/place/12849081?c=15.00,0,0,0,dh&placePath=/review&isCorrectAnswer=true"
426,장사어촌계 배낚시,"https://map.naver.com/p/search/%EC%9E%A5%EC%82%AC%EC%96%B4%EC%B4%8C%EA%B3%84%20%EB%B0%B0%EB%82%9A%EC%8B%9C/?c=15.00,0,0,0,dh"
427,장수논개수상레저,"https://map.naver.com/p/search/%EC%9E%A5%EC%88%98%EB%85%BC%EA%B0%9C%EC%88%98%EC%83%81%EB%A0%88%EC%A0%80/place/1100679412?c=15.00,0,0,0,dh&placePath=/review&isCorrectAnswer=true"
428,장자원낚시터,"https://map.naver.com/p/search/%EC%9E%A5%EC%9E%90%EC%9B%90%EB%82%9A%EC%8B%9C%ED%84%B0/?c=15.00,0,0,0,dh"
429,장척호와 번개늪,"https://map.naver.com/p/search/%EC%9E%A5%EC%B2%99%ED%98%B8%EC%99%80%20%EB%B2%88%EA%B0%9C%EB%8A%AA/?c=15.00,0,0,0,dh"
430,장포리 바다낚시,"https://map.naver.com/p/search/%EC%9E%A5%ED%8F%AC%EB%A6%AC%20%EB%B0%94%EB%8B%A4%EB%82%9A%EC%8B%9C/?c=15.00,0,0,0,dh"
431,장호어촌체험마을 투명카누,"https://map.naver.com/p/search/%EC%9E%A5%ED%98%B8%EC%96%B4%EC%B4%8C%EC%B2%B4%ED%97%98%EB%A7%88%EC%9D%84%20%ED%88%AC%EB%AA%85%EC%B9%B4%EB%88%84/place/12872440?c=15.00,0,0,0,dh&placePath=/review&isCorrectAnswer=true"
432,장호항방파제,"https://map.naver.com/p/search/%EC%9E%A5%ED%98%B8%ED%95%AD%EB%B0%A9%ED%8C%8C%EC%A0%9C/?c=14.00,0,0,0,dh"
433,장흥 포항저수지,"https://map.naver.com/p/search/%EC%9E%A5%ED%9D%A5%20%ED%8F%AC%ED%95%AD%EC%A0%80%EC%88%98%EC%A7%80/?c=15.00,0,0,0,dh"
434,전곡낚시터(전곡낚시힐링캠프),"https://map.naver.com/p/search/%EC%A0%84%EA%B3%A1%EB%82%9A%EC%8B%9C%ED%84%B0%28%EC%A0%84%EA%B3%A1%EB%82%9A%EC%8B%9C%ED%9E%90%EB%A7%81%EC%BA%A0%ED%94%84%29/?c=15.00,0,0,0,dh"
435,정관아쿠아드림파크,"https://map.naver.com/p/search/%EC%A0%95%EA%B4%80%EC%95%84%EC%BF%A0%EC%95%84%EB%93%9C%EB%A6%BC%ED%8C%8C%ED%81%AC/?c=15.00,0,0,0,dh"
436,정남진해양낚시공원,"https://map.naver.com/p/search/%EC%A0%95%EB%82%A8%EC%A7%84%ED%95%B4%EC%96%91%EB%82%9A%EC%8B%9C%EA%B3%B5%EC%9B%90/place/1806029391?c=15.00,0,0,0,dh&placePath=/review&isCorrectAnswer=true"
437,정립회관 수영센터(실내),"https://map.naver.com/p/search/%EC%A0%95%EB%A6%BD%ED%9A%8C%EA%B4%80%20%EC%88%98%EC%98%81%EC%84%BC%ED%84%B0%28%EC%8B%A4%EB%82%B4%29/?c=15.00,0,0,0,dh"
438,정성레저낚시터,"https://map.naver.com/p/search/%EC%A0%95%EC%84%B1%EB%A0%88%EC%A0%80%EB%82%9A%EC%8B%9C%ED%84%B0/place/11570893?c=15.00,0,0,0,dh&placePath=/review&isCorrectAnswer=true"
439,정자골낚시터,"https://map.naver.com/p/search/%EC%A0%95%EC%9E%90%EA%B3%A8%EB%82%9A%EC%8B%9C%ED%84%B0/place/19268109?c=15.00,0,0,0,dh&placePath=/review&isCorrectAnswer=true"
440,제이엠그랑블루요트,"https://map.naver.com/p/search/%EC%A0%9C%EC%9D%B4%EC%97%A0%EA%B7%B8%EB%9E%91%EB%B8%94%EB%A3%A8%EC%9A%94%ED%8A%B8/?c=15.00,0,0,0,dh"
441,제주카약올레,"https://map.naver.com/p/search/%EC%A0%9C%EC%A3%BC%EC%B9%B4%EC%95%BD%EC%98%AC%EB%A0%88/?c=15.00,0,0,0,dh"
442,제주항방파제,"https://map.naver.com/p/search/%EC%A0%9C%EC%A3%BC%ED%95%AD%EB%B0%A9%ED%8C%8C%EC%A0%9C/?c=14.00,0,0,0,dh"
443,제천수상레저,"https://map.naver.com/p/search/%EC%A0%9C%EC%B2%9C%EC%88%98%EC%83%81%EB%A0%88%EC%A0%80/?c=10.00,0,0,0,dh"
444,조부장 바다낚시터,"https://map.naver.com/p/search/%EC%A1%B0%EB%B6%80%EC%9E%A5%20%EB%B0%94%EB%8B%A4%EB%82%9A%EC%8B%9C%ED%84%B0/place/1763618022?c=15.00,0,0,0,dh&placePath=/review&isCorrectAnswer=true"
445,조이다이브 스쿠버다이빙,"https://map.naver.com/p/search/%EC%A1%B0%EC%9D%B4%EB%8B%A4%EC%9D%B4%EB%B8%8C%20%EC%8A%A4%EC%BF%A0%EB%B2%84%EB%8B%A4%EC%9D%B4%EB%B9%99/?c=15.00,0,0,0,dh"
446,종로구시설관리공단 종로구민회관(실내),"https://map.naver.com/p/search/%EC%A2%85%EB%A1%9C%EA%B5%AC%EC%8B%9C%EC%84%A4%EA%B4%80%EB%A6%AC%EA%B3%B5%EB%8B%A8%20%EC%A2%85%EB%A1%9C%EA%B5%AC%EB%AF%BC%ED%9A%8C%EA%B4%80%28%EC%8B%A4%EB%82%B4%29/?c=15.00,0,0,0,dh"
447,주문리어촌계,"https://map.naver.com/p/search/%EC%A3%BC%EB%AC%B8%EB%A6%AC%EC%96%B4%EC%B4%8C%EA%B3%84/?c=15.00,0,0,0,dh"
448,주문진 방파제,"https://map.naver.com/p/search/%EC%A3%BC%EB%AC%B8%EC%A7%84%20%EB%B0%A9%ED%8C%8C%EC%A0%9C/?c=13.00,0,0,0,dh"
449,주봉낚시터,"https://map.naver.com/p/search/%EC%A3%BC%EB%B4%89%EB%82%9A%EC%8B%9C%ED%84%B0/place/11713738?c=15.00,0,0,0,dh&placePath=/review&isCorrectAnswer=true"
450,주전항,"https://map.naver.com/p/search/%EC%A3%BC%EC%A0%84%ED%95%AD/place/19769476?c=15.00,0,0,0,dh&placePath=/review&isCorrectAnswer=true"
451,죽산낚시터,"https://map.naver.com/p/search/%EC%A3%BD%EC%82%B0%EB%82%9A%EC%8B%9C%ED%84%B0/?c=12.00,0,0,0,dh"
452,죽헌저수지,"https://map.naver.com/p/search/%EC%A3%BD%ED%97%8C%EC%A0%80%EC%88%98%EC%A7%80/?c=15.00,0,0,0,dh"
453,중리테마파크낚시터,"https://map.naver.com/p/search/%EC%A4%91%EB%A6%AC%ED%85%8C%EB%A7%88%ED%8C%8C%ED%81%AC%EB%82%9A%EC%8B%9C%ED%84%B0/place/1527696125?c=15.00,0,0,0,dh&placePath=/review&isCorrectAnswer=true"
454,중왕리수로,"https://map.naver.com/p/search/%EC%A4%91%EC%99%95%EB%A6%AC%EC%88%98%EB%A1%9C/?c=15.00,0,0,0,dh"
455,증평실내수영장,"https://map.naver.com/p/search/%EC%A6%9D%ED%8F%89%EC%8B%A4%EB%82%B4%EC%88%98%EC%98%81%EC%9E%A5/?c=11.00,0,0,0,dh"
456,지곡낚시터,"https://map.naver.com/p/search/%EC%A7%80%EA%B3%A1%EB%82%9A%EC%8B%9C%ED%84%B0/?c=12.00,0,0,0,dh"
457,지리산수상레저,"https://map.naver.com/p/search/%EC%A7%80%EB%A6%AC%EC%82%B0%EC%88%98%EC%83%81%EB%A0%88%EC%A0%80/?c=12.00,0,0,0,dh"
458,지세포 낚시공원,"https://map.naver.com/p/search/%EC%A7%80%EC%84%B8%ED%8F%AC%20%EB%82%9A%EC%8B%9C%EA%B3%B5%EC%9B%90/?c=15.00,0,0,0,dh"
459,지중해수상스키클럽,"https://map.naver.com/p/search/%EC%A7%80%EC%A4%91%ED%95%B4%EC%88%98%EC%83%81%EC%8A%A4%ED%82%A4%ED%81%B4%EB%9F%BD/place/21419182?c=15.00,0,0,0,dh&placePath=/review&isCorrectAnswer=true"
460,지천지수상스키장,"https://map.naver.com/p/search/%EC%A7%80%EC%B2%9C%EC%A7%80%EC%88%98%EC%83%81%EC%8A%A4%ED%82%A4%EC%9E%A5/?c=15.00,0,0,0,dh"
461,지평낚시터,"https://map.naver.com/p/search/%EC%A7%80%ED%8F%89%EB%82%9A%EC%8B%9C%ED%84%B0/?c=15.00,0,0,0,dh"
462,직두리낚시터,"https://map.naver.com/p/search/%EC%A7%81%EB%91%90%EB%A6%AC%EB%82%9A%EC%8B%9C%ED%84%B0/place/13432651?c=15.00,0,0,0,dh&placePath=/review&isCorrectAnswer=true"
463,진우낚시터,"https://map.naver.com/p/search/%EC%A7%84%EC%9A%B0%EB%82%9A%EC%8B%9C%ED%84%B0/place/13432944?c=15.00,0,0,0,dh&placePath=/review&isCorrectAnswer=true"
464,진죽 저수지,"https://map.naver.com/p/search/%EC%A7%84%EC%A3%BD%20%EC%A0%80%EC%88%98%EC%A7%80/place/17716263?c=15.00,0,0,0,dh&placePath=/review&isCorrectAnswer=true"
465,진해삼포방파제,"https://map.naver.com/p/search/%EC%A7%84%ED%95%B4%EC%82%BC%ED%8F%AC%EB%B0%A9%ED%8C%8C%EC%A0%9C/?c=15.00,0,0,0,dh"
466,차귀도 바다낚시,"https://map.naver.com/p/search/%EC%B0%A8%EA%B7%80%EB%8F%84%20%EB%B0%94%EB%8B%A4%EB%82%9A%EC%8B%9C/?c=14.00,0,0,0,dh"
467,차귀도요트,"https://map.naver.com/p/search/%EC%B0%A8%EA%B7%80%EB%8F%84%EC%9A%94%ED%8A%B8/place/35563255?c=15.00,0,0,0,dh&placePath=/review&isCorrectAnswer=true"
468,창리낚시터,"https://map.naver.com/p/search/%EC%B0%BD%EB%A6%AC%EB%82%9A%EC%8B%9C%ED%84%B0/?c=12.00,0,0,0,dh"
469,창후리수로,"https://map.naver.com/p/search/%EC%B0%BD%ED%9B%84%EB%A6%AC%EC%88%98%EB%A1%9C/?c=15.00,0,0,0,dh"
470,천동관광지 물놀이장,"https://map.naver.com/p/search/%EC%B2%9C%EB%8F%99%EA%B4%80%EA%B4%91%EC%A7%80%20%EB%AC%BC%EB%86%80%EC%9D%B4%EC%9E%A5/?c=15.00,0,0,0,dh"
471,천지연레저,"https://map.naver.com/p/search/%EC%B2%9C%EC%A7%80%EC%97%B0%EB%A0%88%EC%A0%80/?c=15.00,0,0,0,dh"
472,천학정스쿠버리조트,"https://map.naver.com/p/search/%EC%B2%9C%ED%95%99%EC%A0%95%EC%8A%A4%EC%BF%A0%EB%B2%84%EB%A6%AC%EC%A1%B0%ED%8A%B8/place/33292745?c=15.00,0,0,0,dh&placePath=/review&isCorrectAnswer=true"
473,청아투명카약,"https://map.naver.com/p/search/%EC%B2%AD%EC%95%84%ED%88%AC%EB%AA%85%EC%B9%B4%EC%95%BD/place/1318359763?c=15.00,0,0,0,dh&placePath=/review&isCorrectAnswer=true"
474,청양 천장지,"https://map.naver.com/p/search/%EC%B2%AD%EC%96%91%20%EC%B2%9C%EC%9E%A5%EC%A7%80/?c=15.00,0,0,0,dh"
475,청주실내수영장,"https://map.naver.com/p/search/%EC%B2%AD%EC%A3%BC%EC%8B%A4%EB%82%B4%EC%88%98%EC%98%81%EC%9E%A5/?c=10.00,0,0,0,dh"
476,초원낚시터,"https://map.naver.com/p/search/%EC%B4%88%EC%9B%90%EB%82%9A%EC%8B%9C%ED%84%B0/?c=15.00,0,0,0,dh"
477,초평저수지,"https://map.naver.com/p/search/%EC%B4%88%ED%8F%89%EC%A0%80%EC%88%98%EC%A7%80/?c=15.00,0,0,0,dh"
478,초평집 좌대,"https://map.naver.com/p/search/%EC%B4%88%ED%8F%89%EC%A7%91%20%EC%A2%8C%EB%8C%80/?c=15.00,0,0,0,dh"
479,추곡낚시터,"https://map.naver.com/p/search/%EC%B6%94%EA%B3%A1%EB%82%9A%EC%8B%9C%ED%84%B0/?c=15.00,0,0,0,dh"
480,추자군도,"https://map.naver.com/p/search/%EC%B6%94%EC%9E%90%EA%B5%B0%EB%8F%84/place/21130324?c=15.00,0,0,0,dh&placePath=/review&isCorrectAnswer=true"
481,충주 포세이돈 수상레저(포세이돈수상스키장),"https://map.naver.com/p/search/%EC%B6%A9%EC%A3%BC%20%ED%8F%AC%EC%84%B8%EC%9D%B4%EB%8F%88%20%EC%88%98%EC%83%81%EB%A0%88%EC%A0%80%28%ED%8F%AC%EC%84%B8%EC%9D%B4%EB%8F%88%EC%88%98%EC%83%81%EC%8A%A4%ED%82%A4%EC%9E%A5%29/place/12001437?c=15.00,0,0,0,dh&placePath=/review&isCorrectAnswer=true"
482,취병낚시터,"https://map.naver.com/p/search/%EC%B7%A8%EB%B3%91%EB%82%9A%EC%8B%9C%ED%84%B0/place/13432621?c=15.00,0,0,0,dh&placePath=/review&isCorrectAnswer=true"
483,칠봉산 낚시터,"https://map.naver.com/p/search/%EC%B9%A0%EB%B4%89%EC%82%B0%20%EB%82%9A%EC%8B%9C%ED%84%B0/place/13563444?c=15.00,0,0,0,dh&placePath=/review&isCorrectAnswer=true"
484,카누&SUP체험,"https://map.naver.com/p/search/%EC%B9%B4%EB%88%84%26SUP%EC%B2%B4%ED%97%98/?c=15.00,0,0,0,dh"
485,코오롱호텔 야외 물놀이장,"https://map.naver.com/p/search/%EC%BD%94%EC%98%A4%EB%A1%B1%ED%98%B8%ED%85%94%20%EC%95%BC%EC%99%B8%20%EB%AC%BC%EB%86%80%EC%9D%B4%EC%9E%A5/?c=15.00,0,0,0,dh"
486,클럽씨피싱,"https://map.naver.com/p/search/%ED%81%B4%EB%9F%BD%EC%94%A8%ED%94%BC%EC%8B%B1/?c=15.00,0,0,0,dh"
487,키즈돌핀 서대문DMC점,"https://map.naver.com/p/search/%ED%82%A4%EC%A6%88%EB%8F%8C%ED%95%80%20%EC%84%9C%EB%8C%80%EB%AC%B8DMC%EC%A0%90/place/37803433?c=15.00,0,0,0,dh&placePath=/review&isCorrectAnswer=true"
488,키튼드림센터,"https://map.naver.com/p/search/%ED%82%A4%ED%8A%BC%EB%93%9C%EB%A6%BC%EC%84%BC%ED%84%B0/place/1096675142?c=15.00,0,0,0,dh&placePath=/review&isCorrectAnswer=true"
489,킹카누 나루터,"https://map.naver.com/p/search/%ED%82%B9%EC%B9%B4%EB%88%84%20%EB%82%98%EB%A3%A8%ED%84%B0/place/1435007950?c=15.00,0,0,0,dh&placePath=/review&isCorrectAnswer=true"
490,탄천종합운동장 수영장,"https://map.naver.com/p/search/%ED%83%84%EC%B2%9C%EC%A2%85%ED%95%A9%EC%9A%B4%EB%8F%99%EC%9E%A5%20%EC%88%98%EC%98%81%EC%9E%A5/place/13462889?c=15.00,0,0,0,dh&placePath=/review&isCorrectAnswer=true"
491,탑코리아수상레저,"https://map.naver.com/p/search/%ED%83%91%EC%BD%94%EB%A6%AC%EC%95%84%EC%88%98%EC%83%81%EB%A0%88%EC%A0%80/place/1456720953?c=15.00,0,0,0,dh&placePath=/review&isCorrectAnswer=true"
492,태리낚시터,"https://map.naver.com/p/search/%ED%83%9C%EB%A6%AC%EB%82%9A%EC%8B%9C%ED%84%B0/?c=15.00,0,0,0,dh"
493,태안 모항지,"https://map.naver.com/p/search/%ED%83%9C%EC%95%88%20%EB%AA%A8%ED%95%AD%EC%A7%80/place/17681592?c=15.00,0,0,0,dh&placePath=/review&isCorrectAnswer=true"
494,태안 모항항,"https://map.naver.com/p/search/%ED%83%9C%EC%95%88%20%EB%AA%A8%ED%95%AD%ED%95%AD/?c=15.00,0,0,0,dh"
495,태안 방포항,"https://map.naver.com/p/search/%ED%83%9C%EC%95%88%20%EB%B0%A9%ED%8F%AC%ED%95%AD/?c=15.00,0,0,0,dh"
496,태안 통개항,"https://map.naver.com/p/search/%ED%83%9C%EC%95%88%20%ED%86%B5%EA%B0%9C%ED%95%AD/place/17681880?c=15.00,0,0,0,dh&placePath=/review&isCorrectAnswer=true"
497,태용래프팅,"https://map.naver.com/p/search/%ED%83%9C%EC%9A%A9%EB%9E%98%ED%94%84%ED%8C%85/place/11575989?c=15.00,0,0,0,dh&placePath=/review&isCorrectAnswer=true"
498,태평동물놀이장,"https://map.naver.com/p/search/%ED%83%9C%ED%8F%89%EB%8F%99%EB%AC%BC%EB%86%80%EC%9D%B4%EC%9E%A5/?c=15.00,0,0,0,dh"
499,통삼낚시터,"https://map.naver.com/p/search/%ED%86%B5%EC%82%BC%EB%82%9A%EC%8B%9C%ED%84%B0/?c=15.00,0,0,0,dh"
500,통영등대낚시공원,"https://map.naver.com/p/search/%ED%86%B5%EC%98%81%EB%93%B1%EB%8C%80%EB%82%9A%EC%8B%9C%EA%B3%B5%EC%9B%90/?c=15.00,0,0,0,dh"
501,통영마리나리조트 요트,"https://map.naver.com/p/search/%ED%86%B5%EC%98%81%EB%A7%88%EB%A6%AC%EB%82%98%EB%A6%AC%EC%A1%B0%ED%8A%B8%20%EC%9A%94%ED%8A%B8/?c=15.00,0,0,0,dh"
502,통영요트학교,"https://map.naver.com/p/search/%ED%86%B5%EC%98%81%EC%9A%94%ED%8A%B8%ED%95%99%EA%B5%90/?c=15.00,0,0,0,dh"
503,통일워터파크,"https://map.naver.com/p/search/%ED%86%B5%EC%9D%BC%EC%9B%8C%ED%84%B0%ED%8C%8C%ED%81%AC/?c=15.00,0,0,0,dh"
504,팀우노수상레저,"https://map.naver.com/p/search/%ED%8C%80%EC%9A%B0%EB%85%B8%EC%88%98%EC%83%81%EB%A0%88%EC%A0%80/place/1561006415?c=15.00,0,0,0,dh&placePath=/review&isCorrectAnswer=true"
505,평일도일대(바다낚시),"https://map.naver.com/p/search/%ED%8F%89%EC%9D%BC%EB%8F%84%EC%9D%BC%EB%8C%80%28%EB%B0%94%EB%8B%A4%EB%82%9A%EC%8B%9C%29/place/12001429?c=15.00,0,0,0,dh&placePath=/review&isCorrectAnswer=true"
506,평택시 실내수영장,"https://map.naver.com/p/search/%ED%8F%89%ED%83%9D%EC%8B%9C%20%EC%8B%A4%EB%82%B4%EC%88%98%EC%98%81%EC%9E%A5/?c=10.00,0,0,0,dh"
507,포세이돈마린레저,"https://map.naver.com/p/search/%ED%8F%AC%EC%84%B8%EC%9D%B4%EB%8F%88%EB%A7%88%EB%A6%B0%EB%A0%88%EC%A0%80/place/36920528?c=15.00,0,0,0,dh&placePath=/review&isCorrectAnswer=true"
508,포항앞바다,"https://map.naver.com/p/search/%ED%8F%AC%ED%95%AD%EC%95%9E%EB%B0%94%EB%8B%A4/place/1377280428?c=15.00,0,0,0,dh&placePath=/review&isCorrectAnswer=true"
509,풍전 저수지,"https://map.naver.com/p/search/%ED%92%8D%EC%A0%84%20%EC%A0%80%EC%88%98%EC%A7%80/?c=15.00,0,0,0,dh"
510,플로우하우스 용인,"https://map.naver.com/p/search/%ED%94%8C%EB%A1%9C%EC%9A%B0%ED%95%98%EC%9A%B0%EC%8A%A4%20%EC%9A%A9%EC%9D%B8/place/1654488169?c=15.00,0,0,0,dh&placePath=/review&isCorrectAnswer=true"
511,피싱 12,"https://map.naver.com/p/search/%ED%94%BC%EC%8B%B1%2012/?c=15.00,0,0,0,dh"
512,핀스파크지천점,"https://map.naver.com/p/search/%ED%95%80%EC%8A%A4%ED%8C%8C%ED%81%AC%EC%A7%80%EC%B2%9C%EC%A0%90/place/1196444675?c=15.00,0,0,0,dh&placePath=/review&isCorrectAnswer=true"
513,하곡지(딱실못),"https://map.naver.com/p/search/%ED%95%98%EA%B3%A1%EC%A7%80%28%EB%94%B1%EC%8B%A4%EB%AA%BB%29/?c=15.00,0,0,0,dh"
514,하눌저수지,"https://map.naver.com/p/search/%ED%95%98%EB%88%8C%EC%A0%80%EC%88%98%EC%A7%80/place/15926218?c=15.00,0,0,0,dh&placePath=/review&isCorrectAnswer=true"
515,하늘바다낚시터,"https://map.naver.com/p/search/%ED%95%98%EB%8A%98%EB%B0%94%EB%8B%A4%EB%82%9A%EC%8B%9C%ED%84%B0/place/1239339880?c=15.00,0,0,0,dh&placePath=/review&isCorrectAnswer=true"
516,하서항,"https://map.naver.com/p/search/%ED%95%98%EC%84%9C%ED%95%AD/place/21711998?c=15.00,0,0,0,dh&placePath=/review&isCorrectAnswer=true"
517,하이원워터월드,"https://map.naver.com/p/search/%ED%95%98%EC%9D%B4%EC%9B%90%EC%9B%8C%ED%84%B0%EC%9B%94%EB%93%9C/?c=15.00,0,0,0,dh"
518,하조대백사장,"https://map.naver.com/p/search/%ED%95%98%EC%A1%B0%EB%8C%80%EB%B0%B1%EC%82%AC%EC%9E%A5/?c=15.00,0,0,0,dh"
519,학생문화센터 수영장,"https://map.naver.com/p/search/%ED%95%99%EC%83%9D%EB%AC%B8%ED%99%94%EC%84%BC%ED%84%B0%20%EC%88%98%EC%98%81%EC%9E%A5/place/20024390?c=15.00,0,0,0,dh&placePath=/review&isCorrectAnswer=true"
520,학암포항,"https://map.naver.com/p/search/%ED%95%99%EC%95%94%ED%8F%AC%ED%95%AD/?c=15.00,0,0,0,dh"
521,한강세븐수상레저,"https://map.naver.com/p/search/%ED%95%9C%EA%B0%95%EC%84%B8%EB%B8%90%EC%88%98%EC%83%81%EB%A0%88%EC%A0%80/place/829206040?c=15.00,0,0,0,dh&placePath=/review&isCorrectAnswer=true"
522,한강수상레저,"https://map.naver.com/p/search/%ED%95%9C%EA%B0%95%EC%88%98%EC%83%81%EB%A0%88%EC%A0%80/?c=12.00,0,0,0,dh"
523,한강시민공원 광나루수영장(실외),"https://map.naver.com/p/search/%ED%95%9C%EA%B0%95%EC%8B%9C%EB%AF%BC%EA%B3%B5%EC%9B%90%20%EA%B4%91%EB%82%98%EB%A3%A8%EC%88%98%EC%98%81%EC%9E%A5%28%EC%8B%A4%EC%99%B8%29/?c=15.00,0,0,0,dh"
524,한강시민공원 뚝섬수영장(실외),"https://map.naver.com/p/search/%ED%95%9C%EA%B0%95%EC%8B%9C%EB%AF%BC%EA%B3%B5%EC%9B%90%20%EB%9A%9D%EC%84%AC%EC%88%98%EC%98%81%EC%9E%A5%28%EC%8B%A4%EC%99%B8%29/?c=15.00,0,0,0,dh"
525,한강시민공원 여의도수영장(실외),"https://map.naver.com/p/search/%ED%95%9C%EA%B0%95%EC%8B%9C%EB%AF%BC%EA%B3%B5%EC%9B%90%20%EC%97%AC%EC%9D%98%EB%8F%84%EC%88%98%EC%98%81%EC%9E%A5%28%EC%8B%A4%EC%99%B8%29/?c=15.00,0,0,0,dh"
526,한강시민공원 잠실수영장(실외),"https://map.naver.com/p/search/%ED%95%9C%EA%B0%95%EC%8B%9C%EB%AF%BC%EA%B3%B5%EC%9B%90%20%EC%9E%A0%EC%8B%A4%EC%88%98%EC%98%81%EC%9E%A5%28%EC%8B%A4%EC%99%B8%29/?c=15.00,0,0,0,dh"
527,한강시민공원 잠원수영장(실외),"https://map.naver.com/p/search/%ED%95%9C%EA%B0%95%EC%8B%9C%EB%AF%BC%EA%B3%B5%EC%9B%90%20%EC%9E%A0%EC%9B%90%EC%88%98%EC%98%81%EC%9E%A5%28%EC%8B%A4%EC%99%B8%29/?c=15.00,0,0,0,dh"
528,한강시민공원삼패지구물놀이장,"https://map.naver.com/p/search/%ED%95%9C%EA%B0%95%EC%8B%9C%EB%AF%BC%EA%B3%B5%EC%9B%90%EC%82%BC%ED%8C%A8%EC%A7%80%EA%B5%AC%EB%AC%BC%EB%86%80%EC%9D%B4%EC%9E%A5/place/38342132?c=15.00,0,0,0,dh&placePath=/review&isCorrectAnswer=true"
529,한탄강 래프팅,"https://map.naver.com/p/search/%ED%95%9C%ED%83%84%EA%B0%95%20%EB%9E%98%ED%94%84%ED%8C%85/?c=12.00,0,0,0,dh"
530,한탄강썬래프팅,"https://map.naver.com/p/search/%ED%95%9C%ED%83%84%EA%B0%95%EC%8D%AC%EB%9E%98%ED%94%84%ED%8C%85/place/13113825?c=15.00,0,0,0,dh&placePath=/review&isCorrectAnswer=true"
531,한터낚시터,"https://map.naver.com/p/search/%ED%95%9C%ED%84%B0%EB%82%9A%EC%8B%9C%ED%84%B0/?c=15.00,0,0,0,dh"
532,함동수상레저타운,"https://map.naver.com/p/search/%ED%95%A8%EB%8F%99%EC%88%98%EC%83%81%EB%A0%88%EC%A0%80%ED%83%80%EC%9A%B4/place/11884570?c=15.00,0,0,0,dh&placePath=/review&isCorrectAnswer=true"
533,함평엑스포공원 물놀이장,"https://map.naver.com/p/search/%ED%95%A8%ED%8F%89%EC%97%91%EC%8A%A4%ED%8F%AC%EA%B3%B5%EC%9B%90%20%EB%AC%BC%EB%86%80%EC%9D%B4%EC%9E%A5/place/1037064890?c=15.00,0,0,0,dh&placePath=/review&isCorrectAnswer=true"
534,항포낚시터,"https://map.naver.com/p/search/%ED%95%AD%ED%8F%AC%EB%82%9A%EC%8B%9C%ED%84%B0/place/73696428?c=15.00,0,0,0,dh&placePath=/review&isCorrectAnswer=true"
535,해밀톤호텔 수영장(실외),"https://map.naver.com/p/search/%ED%95%B4%EB%B0%80%ED%86%A4%ED%98%B8%ED%85%94%20%EC%88%98%EC%98%81%EC%9E%A5%28%EC%8B%A4%EC%99%B8%29/?c=15.00,0,0,0,dh"
536,해양스포츠교실,"https://map.naver.com/p/search/%ED%95%B4%EC%96%91%EC%8A%A4%ED%8F%AC%EC%B8%A0%EA%B5%90%EC%8B%A4/?c=15.00,0,0,0,dh"
537,해운대일대(낚시터),"https://map.naver.com/p/search/%ED%95%B4%EC%9A%B4%EB%8C%80%EC%9D%BC%EB%8C%80%28%EB%82%9A%EC%8B%9C%ED%84%B0%29/?c=15.00,0,0,0,dh"
538,해원다이브리조트,"https://map.naver.com/p/search/%ED%95%B4%EC%9B%90%EB%8B%A4%EC%9D%B4%EB%B8%8C%EB%A6%AC%EC%A1%B0%ED%8A%B8/place/20322765?c=15.00,0,0,0,dh&placePath=/review&isCorrectAnswer=true"
539,헤라유원지(헤라낚시터),"https://map.naver.com/p/search/%ED%97%A4%EB%9D%BC%EC%9C%A0%EC%9B%90%EC%A7%80%28%ED%97%A4%EB%9D%BC%EB%82%9A%EC%8B%9C%ED%84%B0%29/?c=15.00,0,0,0,dh"
540,현대요트 서울지점,"https://map.naver.com/p/search/%ED%98%84%EB%8C%80%EC%9A%94%ED%8A%B8%20%EC%84%9C%EC%9A%B8%EC%A7%80%EC%A0%90/place/1080213899?c=15.00,0,0,0,dh&placePath=/review&isCorrectAnswer=true"
541,현대요트 인천,"https://map.naver.com/p/search/%ED%98%84%EB%8C%80%EC%9A%94%ED%8A%B8%20%EC%9D%B8%EC%B2%9C/place/1980231881?c=15.00,0,0,0,dh&placePath=/review&isCorrectAnswer=true"
542,홍양저수지(빼뽀저수지),"https://map.naver.com/p/search/%ED%99%8D%EC%96%91%EC%A0%80%EC%88%98%EC%A7%80%28%EB%B9%BC%EB%BD%80%EC%A0%80%EC%88%98%EC%A7%80%29/place/12768191?c=15.00,0,0,0,dh&placePath=/review&isCorrectAnswer=true"
543,홍천강래프팅,"https://map.naver.com/p/search/%ED%99%8D%EC%B2%9C%EA%B0%95%EB%9E%98%ED%94%84%ED%8C%85/?c=12.00,0,0,0,dh"
544,화도낚시공원,"https://map.naver.com/p/search/%ED%99%94%EB%8F%84%EB%82%9A%EC%8B%9C%EA%B3%B5%EC%9B%90/place/12779168?c=15.00,0,0,0,dh&placePath=/review&isCorrectAnswer=true"
545,화성 요트 체험지,"https://map.naver.com/p/search/%ED%99%94%EC%84%B1%20%EC%9A%94%ED%8A%B8%20%EC%B2%B4%ED%97%98%EC%A7%80/?c=15.00,0,0,0,dh"
546,화성해양아카데미연구회,"https://map.naver.com/p/search/%ED%99%94%EC%84%B1%ED%95%B4%EC%96%91%EC%95%84%EC%B9%B4%EB%8D%B0%EB%AF%B8%EC%97%B0%EA%B5%AC%ED%9A%8C/place/38767104?c=15.00,0,0,0,dh&placePath=/review&isCorrectAnswer=true"
547,화진포,"https://map.naver.com/p/search/%ED%99%94%EC%A7%84%ED%8F%AC/?c=15.00,0,0,0,dh"
548,황금백호,"https://map.naver.com/p/search/%ED%99%A9%EA%B8%88%EB%B0%B1%ED%98%B8/place/1370168054?c=15.00,0,0,0,dh&placePath=/review&isCorrectAnswer=true"
549,황금빛노을바다낚시터,"https://map.naver.com/p/search/%ED%99%A9%EA%B8%88%EB%B9%9B%EB%85%B8%EC%9D%84%EB%B0%94%EB%8B%A4%EB%82%9A%EC%8B%9C%ED%84%B0/place/1982024290?c=15.00,0,0,0,dh&placePath=/review&isCorrectAnswer=true"
550,황금수영장,"https://map.naver.com/p/search/%ED%99%A9%EA%B8%88%EC%88%98%EC%98%81%EC%9E%A5/?c=15.00,0,0,0,dh"
551,황산레저바다낚시터,"https://map.naver.com/p/search/%ED%99%A9%EC%82%B0%EB%A0%88%EC%A0%80%EB%B0%94%EB%8B%A4%EB%82%9A%EC%8B%9C%ED%84%B0/?c=15.00,0,0,0,dh"
552,황산바다좌대낚시터,"https://map.naver.com/p/search/%ED%99%A9%EC%82%B0%EB%B0%94%EB%8B%A4%EC%A2%8C%EB%8C%80%EB%82%9A%EC%8B%9C%ED%84%B0/?c=15.00,0,0,0,dh"
553,황산지(장흥지),"https://map.naver.com/p/search/%ED%99%A9%EC%82%B0%EC%A7%80%28%EC%9E%A5%ED%9D%A5%EC%A7%80%29/?c=15.00,0,0,0,dh"
554,황산초지바다낚시터,"https://map.naver.com/p/search/%ED%99%A9%EC%82%B0%EC%B4%88%EC%A7%80%EB%B0%94%EB%8B%A4%EB%82%9A%EC%8B%9C%ED%84%B0/place/797928205?c=15.00,0,0,0,dh&placePath=/review&isCorrectAnswer=true"
555,회진 바다낚시,"https://map.naver.com/p/search/%ED%9A%8C%EC%A7%84%20%EB%B0%94%EB%8B%A4%EB%82%9A%EC%8B%9C/?c=15.00,0,0,0,dh"
556,후포방파제,"https://map.naver.com/p/search/%ED%9B%84%ED%8F%AC%EB%B0%A9%ED%8C%8C%EC%A0%9C/?c=15.00,0,0,0,dh"
557,히든밸리송추,"https://map.naver.com/p/search/%ED%9E%88%EB%93%A0%EB%B0%B8%EB%A6%AC%EC%86%A1%EC%B6%94/place/1294395970?c=15.00,0,0,0,dh&placePath=/review&isCorrectAnswer=true"
558,히트 실내 바다낚시터,"https://map.naver.com/p/search/%ED%9E%88%ED%8A%B8%20%EC%8B%A4%EB%82%B4%20%EB%B0%94%EB%8B%A4%EB%82%9A%EC%8B%9C%ED%84%B0/place/1301310510?c=15.00,0,0,0,dh&placePath=/review&isCorrectAnswer=true"
559,24시 마린낚시(전곡항 24 마린낚시),"https://map.naver.com/p/search/24%EC%8B%9C%20%EB%A7%88%EB%A6%B0%EB%82%9A%EC%8B%9C%28%EC%A0%84%EA%B3%A1%ED%95%AD%2024%20%EB%A7%88%EB%A6%B0%EB%82%9A%EC%8B%9C%29/place/36952695?c=15.00,0,0,0,dh&placePath=/review&isCorrectAnswer=true"
560,50플러스남부캠퍼스 수영장,"https://map.naver.com/p/search/50%ED%94%8C%EB%9F%AC%EC%8A%A4%EB%82%A8%EB%B6%80%EC%BA%A0%ED%8D%BC%EC%8A%A4%20%EC%88%98%EC%98%81%EC%9E%A5/place/1793458460?c=15.00,0,0,0,dh&placePath=/review&isCorrectAnswer=true"
561,AT수상레저,"https://map.naver.com/p/search/AT%EC%88%98%EC%83%81%EB%A0%88%EC%A0%80/?c=15.00,0,0,0,dh"
562,EVO수영장,"https://map.naver.com/p/search/EVO%EC%88%98%EC%98%81%EC%9E%A5/place/49202992?c=15.00,0,0,0,dh&placePath=/review&isCorrectAnswer=true"
563,K-26,"https://map.naver.com/p/search/K-26/place/1328405194?c=15.00,0,0,0,dh&placePath=/review&isCorrectAnswer=true"
564,K3바다낚시터,"https://map.naver.com/p/search/K3%EB%B0%94%EB%8B%A4%EB%82%9A%EC%8B%9C%ED%84%B0/place/13462987?c=15.00,0,0,0,dh&placePath=/review&isCorrectAnswer=true"
565,L.F문암다이브리조트,"https://map.naver.com/p/search/L.F%EB%AC%B8%EC%95%94%EB%8B%A4%EC%9D%B4%EB%B8%8C%EB%A6%AC%EC%A1%B0%ED%8A%B8/place/21398900?c=15.00,0,0,0,dh&placePath=/review&isCorrectAnswer=true"
566,M1971요트투어,"https://map.naver.com/p/search/M1971%EC%9A%94%ED%8A%B8%ED%88%AC%EC%96%B4/place/1953276134?c=15.00,0,0,0,dh&placePath=/review&isCorrectAnswer=true"
