,name,rate,review
0,가평빠지 클럽비발디 수상레저,,캬 완전 힐링 제대로 하다 왔어요 오랜만에 스트레스 풀리고 너무 재밌게 놀다왔어요 물도 깨끗하고 놀이기구 시설이 다양해서 시간 가는줄 모르게 놀았구요 직원분들도 친절하고 재밌게 해주셔서 좋았습니당! 다음에 또 놀러갈게요 
1,가평빠지 클럽비발디 수상레저,,남편이랑 오랜만에 데이트 하려고 방문했구요 역시 빠지는 가평이죠 너무너무 재밌게 놀았구요 스트레스가 확 풀리네요 장비도 진짜 좋고 친절하게 잘 가르쳐주셔서 좋았어요! 안전관리도 잘되어있고 시설도 좋아요! 여름에 또 방문할게요 재밌게 놀다갑니당!
2,가평빠지 클럽비발디 수상레저,,"지인추천으로 갔는데 정말 짱이었어요!
한번 해봤는데 두번세번 하고 싶어지네요
시간가는줄 모르고 너무 놀아서 체력이 쭉 빠져서 힘들었지만
간식 두둑히 챙겨서 또 방문할 예정입니다. "
3,가평빠지 클럽비발디 수상레저,,"아직 아기가 어려서 멀리는 못가고 가까운 가평으로 놀러갔는데 
얘기만 듣다가 경험해보니 정말 재밌어요ㅎ 
직원분들 너무 친절하시고 장비도 튼튼하고 안전하네요👍"
4,가평빠지 클럽비발디 수상레저,,"친구들과 여행중에 어떤걸 할까 하다가 한번 가봤는데 
진~짜 재밌네요ㅋ 아직 체력이 되는 우리였나봅니다ㅎ
스트레스도 쫙쫙 풀리고 날씨 좋은날은 또 가야겠어요"
5,가평빠지 클럽비발디 수상레저,,"아들둘과 남편이 놀이기구 너무 좋아하는데
물까지 좋아해서 완전 맞춤으로 즐거워하더라구요 
저는 완전 쫄보라 구경만했지만 보기만해도 시원하고 행복해보였어요ㅋ 
"
6,가평빠지 클럽비발디 수상레저,,"아이들 데리고 갔는데 저보다 애들이 더 좋아하네요ㅋ 
오랫만에 나들이로 나와서 이런 액티비티를 하니까 
저도 기분이 너무 좋더라구요! "
7,가평빠지 클럽비발디 수상레저,,"날씨 좀 풀리고 갔더니 진짜 재밌어요! 
초보라 잘 모르는데 직원분들이 너무 친절하게 잘 알려주셔서
안전하게 재밌게 잘 놀았네요^^"
8,가평빠지 클럽비발디 수상레저,,"친구들이랑 갔는데 다 재밌다고 합니다
사진찍을데도 있고 깔끔하고 정말 재밌었어용
다음에 가족들이랑 와도 좋을꺼같아요 ㅎㅎ"
9,가평빠지 클럽비발디 수상레저,,"매년 가는데 항상 재밌고 좋네요 ㅎ 
장비도 항상 점검하시고 서비스도 많이 해주시고 좋아요
날씨 좋을때 또 갈꺼에요^^"
10,강화도 황청낚시터,,"새벽 빙어낚시 왔는데 생각보다 잘 잡혀요 ㅎㅎ
넣자마자 2마리로 시작해봅니다
춥지 않게 빙어낚시 가능하지만 추운 맛이 있어야 더 재밌긴 할듯요 ㅎㅎ
우선 성인3인 애기1인 이어서 좀 넓은방 잡아주실줄 알았는데 코딱지만한 방을 주심요
분명 화장실 딸려있는지 방은 충분히 넓은지 여쭤보고 그렇다고 해서 예약한건데  와서 보니 이 방이 명당이라며 그냥 무턱대고 주심ㅎㅎ
전화 예약만 받고 지정이 아니라서 아쉽네요
결국 공용화장실 앞방 사용했는데 진심 개시끄러움ㅜㅜ 
문 쾅쾅 소리에 화장실 문 열때마다 밝게 들어오는 불빛....
만약 다시 오게된다면 짬낚으로
그래도 추억하나 남기고갑니다~ㅎㅎ"
11,강화도 황청낚시터,,서울에서 가깝고 편하게 쉬다오기 좋아요^^
12,강화도 황청낚시터,,"사장님 부부 두분 다 너무 친절하셔셔서 도착하자마자 기분 좋았어요💛 방가로에선 못잡았지만 결국 10마리 잡고가요 넘넘 재밌었어요!
아 다른 후기 보고 어묵이나 빙어튀김 파시는줄 알앗는데 그건 아니고 매점에는 컵라면 종류만 있으니 냄비와 음식 해먹을거 챙겨가면 넘 좋을거 같아요
다음엔 야간낚시로 예약해서 먹을것도 바리바리 싸들구 오려구요 ㅎㅎ탁트인 뷰도 넘 좋고 진짜 오길 잘했다 생각했습니당👍👍"
13,강화도 황청낚시터,,아이들과 재밌게 놀다가 왔어요
14,강화도 황청낚시터,,좋아요
15,강화도 황청낚시터,,군
16,강화도 황청낚시터,,"노을뷰 최고!!  좌대도 깨끗하고 손맛도 좋고..
근무하시는 분들도 친절함. "
17,강화도 황청낚시터,,굿
18,강화도 황청낚시터,,굿
19,강화도 황청낚시터,,넘 많이 나와요
20,거청낚시터,,조아요
21,거청낚시터,,조아요
22,거청낚시터,,조아요
23,거청낚시터,,좋아요!
24,거청낚시터,,좋아요!
25,거청낚시터,,좋아요
26,거청낚시터,,굿
27,고덕사회체육센터(실내수영장),,가까운곳에 수영장이있어서 좋아요. 
28,고덕사회체육센터(실내수영장),,수업도 너무 재미 있고 분위도 신나고 좋아요~^^
29,고덕사회체육센터(실내수영장),,"비회원 주말 자유수영 5500원 회원 4000원
시설은 노후화되었지만 주차장도 있고 셔틀도 있어서 편하네요"
30,골든블루마리나,,"카약 타고 왔는데 예쁘고 좋았어요!

탁트인 한강에서 카약을 타니 바람도 상쾌했고, 일몰에 반짝이는 윤슬도 너무 아름다워서 물멍도 하고 사진도 많이 찍고왔어요!:)

그리고 무엇보다 직원분들도 친절하고 설명도 잘해주세요. 시설도 깔끔하게 잘 관리되어있어서 다음에 또 방문하고싶어요.

한강에서 이색적인 액티비티도하고 좋은 추억 만들고 싶다면 추천합니다!"
31,골든블루마리나,,풍경도 너무 예쁘고 요트에서 인생샷도 많이 건졌어요!! 행복감 만족감 최상이였습니다!!🫶 5시쯤 예약해서 갔었는데..아주아주 운좋게 친구랑 둘이 타게 됐습니당 ㅎㅁㅎ 직원분도 너무 친절하셨어요오!ㅎㅁㅎ 다음에 날씨 좋을 때 또 놀러가려가려구요오~~+반짝반짝 건물에 비친 윤슬이 너무 예쁘죠~
32,골든블루마리나,,아주 좋아요~ 운이 좋아서 우리 부부 둘과 강아지만 탑승했어요~ 둘만 타서 그런건 아니고 정말 체험하기 좋아요~ 시원하고 뷰도 좋고~ 직원분들 모두 친절하고 잘 도와주셔서 즐거운 시간 보내고 왔어요. 재방문 의사 만땅입니다.
33,골든블루마리나,,"오늘 아버님어머님 모시고 탔던 가족입니다^^
배위에서의 로멘틱한 프로포즈이벤트와
아이를 위한 선장체험까지~   뜻하지않은 기분좋은 선물을 받은것 같아 너무 감사합니다!
덕분에 잊지못할 좋은 추억을 만들 수 있었네요.
아이아빠선장님.ㅎㅎ   
사진도 너무 잘 찍어주셔서 작은 앨범 만들까 하네요.  
오늘 감사했습니다~"
34,골든블루마리나,,"제주에서 놀러와서 엄마랑 갔다왔는데 너무 좋았어요~~바람도 너무 불고 추웠지만 대기실에 따뜻한 차 마실수 있게 되있고, 요트안에 히터도 틀어져있어서  따뜻하게 타고 왔어요^.^(음악이랑 간식👍)
저희만 요트 타게되서 엄마랑 둘이 편하게 타고 구경도 한것 같아요 ㅎㅎ 2층에 올라가서 보니까 서울 건물과 뷰를 직접 보니까 더 예뻤어요~그리고 바람불고 파도때문에 엄마가 걱정하셨는데 잔잔하고 천천히 가서 좋았다고 하셨어요! 직원분들도 다 너무너무 친절하시고 편하게 대해주셔서 정말 감사했어요~^^ 직원분도 바람 너무 불고 추우셨을텐데  고생 많으셨어요🙂감기조심하세요.덕분에 너무 좋은 여행 되었어요 ㅎㅎ 밤에 여기 와서 타면 더 예쁠것 같더라구요 ㅎㅎ 다음에 놀러오면 밤에 와서 타야겠어요!ㅎㅎ 앞으로도 더 대박나세요🫶🏻"
35,골든블루마리나,,"친구 서프라이즈로 처음 이용해봤는데 운 좋게도 저희친구들끼리 즐길 수 있어서 좋았습니다
그리고 사진도 센스있게 찍어주시고 사진포인트들도 다 좋았어요
추천드립니다"
36,골든블루마리나,,"언니들과 함께 갔는데 이벤트도 많고 사진도 찍어주시고 완전 힐링되는 시간이였어요~^^비눗방울선장님 최고셨습니다^^
다음에 가족들과도 함께 또 오고싶어요~~"
37,골든블루마리나,,"온도가 차가워 제대로 야외를 못즐겨서 아쉽지만
간식도 있고 친절하고 사진도 찍어주셔서 굿
야경보러 담번엔 가야지!!"
38,골든블루마리나,,"연차내구 힐링하러왔는데
굉장히 멋진경험 이었습니다~!
비누방울 선장님,, 감사해요~
다음에 또 뵈어요~☆"
39,골든블루마리나,,"애기아빠 선장님 덕분에 처음 타보는 유람선 정말 즐겁게 탔구 너무 행복한 생일 보냈습니다ㅎㅎ
날이 쌀쌀해서 걱정했는데 담요와 따뜻한 차도 제공해주시고 사진도 정말 예쁘게 찍어주셨어요!
대추천추천"
40,과림낚시터,,굿
41,과림낚시터,,굿
42,과림낚시터,,좋아요 
43,과림낚시터,,ㅋ
44,과림낚시터,,ㅋ
45,과림낚시터,,ㅎ
46,과림낚시터,,👍
47,과림낚시터,,굿
48,과림낚시터,,아주 좋아요
49,과림낚시터,,굿~~~~~~~~~~~
50,광탄낚시레저타운,,굿
51,광탄낚시레저타운,,굿 
52,광탄낚시레저타운,,굿
53,광탄낚시레저타운,,굿
54,광탄낚시레저타운,,굿
55,광탄낚시레저타운,,굿
56,광탄낚시레저타운,,굿
57,귀덕바다투명카약,,"깨끗한 물에서 즐거웠어요 
아쉽게 바람이 많이 불어서 먼 바다엔 못 나갔지만 그래도 재밌었어요 
팔이 너무 아픈데 애들은 계속 타자고 ㅠㅠ 자동이 필요해요 ㅋㅋ"
58,귀덕바다투명카약,,"바다가 너무 깨끗하고, 파도가 있어서 더 재밌어요. 물고기가 계속 점프~~ 뷰가 너무 멋져요~강추!"
59,귀덕바다투명카약,,좋아요
60,귀덕바다투명카약,,방파제? 안에서 충분히 연습하고 부포를 벗어나지 않게 밖으로 나가 볼 수도 있어서 너무 재밌었습니다.  방문한 날에 파도가 좀 쳤었는데 그래서 더 재밌었어요. 폭이 좁고 긴 카누보다 폭이 넓어서 안정감이 있었고 무리없이 즐겼습니다. 투명 카약이라 바다 아래도 들여다 보고 좋은 시간이였어요! 강추합니다. 
61,귀덕바다투명카약,,제주에서 카약은 처음타봤지만 역시 재밌고 좋았어요! 카운터 여사장님과 카약 이용방법을 알려주는 삼춘 친절하고 잘 알려주셨네요~ 비용도 다른곳들보다 가성비좋고 만족스러웠어요!! 이용한 날에는 바람이 불어서 파도때문에 위험할수있어 바깥쪽까지 나가진못했지만 안전하고 잔잔한 물위에서 재밌는 추억만들었어요^^ 친구 및 주변지인들에게 다른곳 가서 비용 더 내면서 똑같은 카약 즐기는거보다 귀덕카약와서 즐기는걸 추천해줄거에요! 사장님과 삼춘 건강하시고 오래 운영하셨으면 좋겠어요~!
62,귀덕바다투명카약,,사장님께서 친절하시구 잘 알려주셔서 재밌는 추억 가지고 왔네용~~^^  담에 또 이용할게여ㅎㅎ
63,귀덕바다투명카약,,사장님도 친절하시고.. 너무 재미있어요..
64,귀덕바다투명카약,,다른곳보다 저렴하게 이용할수있어서 좋앗어요 
65,귀덕바다투명카약,,투명 카약은 처음 타보는데 노젓는 방법도 친절하게 알려주시고 물이 깨끗해서 좋았어요 햇볕 쨍쨍한 날에 가면 사진 잘 나와요👏🏻
66,귀덕바다투명카약,,이쁘고 좋아요 더워서 오래타긴 무리지만 오래타도 뭐라고 안하시긴 하더라구요 생각보다 방향잡는게 힘들긴했는데 재밌었어요 바다도 깨끗하구 여름에타실땐 모자 필수에요
67,그랜드 워커힐 리버파크(야외수영장),,좋아요
68,그랜드 워커힐 리버파크(야외수영장),,맛나요
69,그랜드 워커힐 리버파크(야외수영장),,사우나 시설이 아담하지만 좋습니다 
70,그랜드 워커힐 리버파크(야외수영장),,맛나요
71,그랜드 워커힐 리버파크(야외수영장),,😉
72,그랜드 워커힐 리버파크(야외수영장),,좋아요
73,그랜드 워커힐 리버파크(야외수영장),,좋아요
74,그랜드 워커힐 리버파크(야외수영장),,맛있어요
75,그랜드 워커힐 리버파크(야외수영장),,"시설깔끔.주차좋고
안전해여"
76,그랜드 워커힐 리버파크(야외수영장),,친절해요 
77,금원수목원수영장,,"날이 좋아서 사람들 엄청 많았어요. 
하루가 후딱 지나가네요"
78,금원수목원수영장,,단풍도 너무 이쁘고 힐링 제대로 하고 왔습니다!! 취사 가능해서 먹기도 좋고 넓어서 옆사람 방해 받지 않고 프라이빗하게 놀 수 있었어요. 화장실도 나름 깔끔하게 관리되어 있었고 작지만 매점도 있고 저는 놀기 좋았습니다!
79,금원수목원수영장,,10월29일에 방문했어요 단풍이 절정이였고 공간도 넓고 풍경이 너무 예뻐서 기분 좋은 시간 보낼수있었어요!! 예약없이 취사가능한 경기도 캠크닉 장소중에 아마 최고일거같아요💓
80,금원수목원수영장,,작년에이어 올해도 다녀왔는데요~정말 넓고 여럿가족들 함께 할수 있어서 좋은 장소는 맞으나~관리가..너무 안되는 느낌..지져분하고 작년보다 화장실 좋아진거 같지만 그래도 냄새 ㅜㅜ입장료는 쭉쭉오르고 비싼느낌이지만  암쪼록~~돈 많이 버셔서 좀더 쾌적한 수목원을 만들어 주셨으면 좋겠습니다.
81,금원수목원수영장,,"가족소풍..좋아요
10월단풍 멋지고 이른아침 그늘은 추워서 패딩필수
"
82,금원수목원수영장,,가성비 값 당일치기 좋은 곳입니다
83,금원수목원수영장,,"캠크닉 하기 아주 좋아요!
조카들, 가족들과 같이 갔는데 잔디밭도 잘 가꿔져있고,
아이들 뛰놀기도 딱 좋더라구요~
특히 캠크닉이라 맛있는거 만들어 먹는데 수도 시설도 잘 관리되고 있어서 기분내기 좋았어요!!
재방문 의사 있어요!!"
84,금원수목원수영장,,엄청 넓어서~ 당일 캠크닉 하기 좋네오!
85,금원수목원수영장,,너무 여유로워요
86,금원수목원수영장,,아주아주 쉬기 좋고 아이들과도 좋습니다
87,길명낚시공원,,감사합니다 
88,길명낚시공원,,감사합니다 
89,길명낚시공원,,굿
90,길명낚시공원,,좋아요
91,길명낚시공원,,친절하고 좋아요
92,길명낚시공원,,조아요 
93,길명낚시공원,,좋아요
94,길명낚시공원,,좋음
95,길명낚시공원,,좋아요.
96,길명낚시공원,,좋아요
97,길정 낚시터,,체험하기는 좋으나 방법을 몰라서 잘잡히지 않네요. 친절하게 설명해주셔서 감사했네요.
98,길정 낚시터,,아기랑 가기도 너무 좋은곳입니다.. 직원분들이 서스름없이도와줘요
99,길정 낚시터,,친절하네요 
100,길정 낚시터,,"빙어낚시 처음 가는데 재미있네요 ^^ 
아이들도 좋아해요 다음에 또 가려구요
2부에 갔는데 20마리정도 잡았어요
1부가 제일 잘 잡힌데요 
2부도 재미있네요 ㅋㅋ"
101,길정 낚시터,,빙어낚시 재미 있어요~
102,김녕요트투어,,처음이용해봤는데 너무좋았어요~~ 조금만 바람이 덜불었으면 했지만 그래도 좋았네요 아이들도 좋아하고 새로운 경험이였어요 돌고래는 보지못했지만 정말 좋았네요 사진도 잘찍어주시고 일하시는분들도 친절하셨네요~~ 강추해요^^
103,김녕요트투어,,"정말 너무너무너무 좋았러요!
다들 친절하시고 프로그럄도 다양하고
비록 돌고래는 못봤지만 ㅠ 재밋고 돈 하나도 아깝비 않았습니닼ㅋ
"
104,김녕요트투어,,관리자 분들 너무 다 친절하게 응대해주셔서 너무 편안한 요트투어였습니다! 날이 좋아져서 뷰는 부산바다보다 훨씬 멋있었네요ㅠ투어 다 끝날 무렵 하늘이 너무 예뻐 넋놓고 감상하고 있는데 해안도로로 가시면 더 멋지다는 한 관자리 분 말씀에 가보았더니 요트 탄 것 못지않는 좋은 추억을 쌓은 것 같아요. 김녕요트투어 강추입니다:)
105,김녕요트투어,,"아무 일정없이 게스트하우스에서 만난 스탭분이 인생중 제일 좋았던곳을 이곳으로 추천해서 왔는데
저도 인생장소로 픽당했어요!
너무 좋은 추억 감사합니다!"
106,김녕요트투어,,"거동이 불편한 이모에게 넓은 세상을 보여주고 싶어 함께 방문했어요. 느리고 조금 머쓱해하는 이모에게 천천히해도 된다고 얘기해주시고, 배려도 많이 해주셔서 너무 즐거운 마음으로 바다 구경했어요. 비용이 전혀 아깝지 않은 최고의 경험이었습니다. 오랫동안 기억할 것 같아요!"
107,김녕요트투어,,"아이들과 멋진 제주추억을 쌓은 요트투어였어요. 
제주오면 또 체험하고 싶어요!"
108,김녕요트투어,,"사진도 찍어주시고 노을도 너무예쁘고 최고였습니다!!
생각보다 시간도 길게 느껴졌어요 ㅋㅋㅋ

낚시체험? 도 있고, 시작전에 멀미약에 핫팻도 주시고
완전 만족이네요❤️❤️"
109,김녕요트투어,,"주변에 유채꽃도 있고 배 타서 가는데 너무 재밌었어요. 이거 타시는 분 수상스키 안 타셔도 돼요, 스릴 넘칩니다! 노을 질때까지 오랜시간 바다위에 계셔서 사진도 정말 많이 찍고 너무 좋은 시간이었어요!"
110,김녕요트투어,,"화창한 날씨가 플러스된 너무 좋은 날이였습니다~^^
직원분들도 너무 친절하시고..중간중간 설명도 자세히 해주고
난생첨타본 요트.. 행복한 추억으로 남기게 해주셔서 감사합니다~~^^"
111,김녕요트투어,,"이렇게까지 재밌을 줄이야~
혼자가서 쪼끔 쭈뼛거리고 있었는데
요트를 왼벽하게 즐기게 뱃머리에 앉아서 요트타는걸 알려주시고 도와주시고~
딱 정당히 조용조용 필요로하는 순간에 사진도 잘찍어주시고~ 맛난 제주에일생맥주랑 간식도 챙겨주시고~ 담요도 주천해주시고~ 모든것이 감동~~

아쉽게 돌고래는 못 만났지만~ 선셋도 바람도 파도도  낚시도  장말~재미난 추억 많들었습니다!!
망설이는 사람있으면 적극 추천이요~

감사합니다!!!"
112,김포스포츠센터(실내수영장),,좀 오래되긴 했어도 근처에 갈 만한 수영장이 없는데 그나마 이곳이 있어서 다닙니다 이용하기 편해요~ 
113,김포스포츠센터(실내수영장),,좀 낡은것 같긴한데 그나마 집에서 멀지 않아 이용합니다 
114,김포스포츠센터(실내수영장),,강사님이 잘 가르쳐주셔서 강사님만 보고 갑니다. 주차는 할 곳이 거의 없어서 너무 어려워요
115,김포스포츠센터(실내수영장),,선생님들 모두가 친절하시고 하나하나 잘 가르쳐주세요. 다만 주차장이 없어서 주차하는데 불편해요. 강습이 공휴일에 껴있으면 그날은 그냥 무조건 쉽니다. 월 중간에 계산시 일일계산으로 해서 문 안여는 일요일도 계산하는데 이해가 안돼요. 선생님들이 잘 가르치기에 선생님만!!!!!!!!! 보고 가요. 
116,김포스포츠센터(실내수영장),,"2달째 강습받고 있어요
강사님도 데스크 직원들도 친절해요
수영실력이 그대로인것은 제탓이겠죠 ㅜㅜ"
117,김포스포츠센터(실내수영장),,굿
118,김포스포츠센터(실내수영장),,"해수풀이라 물 깨끗해요 
아침 수업 강사님들도 수업 좋아요 
오래되긴 했는데 이용하는데 전혀 문제 없습니다"
119,김포스포츠센터(실내수영장),,아직 강습전인데 기대됩니다
120,김포스포츠센터(실내수영장),,집 근처에 있어 수영하기 편해요
121,김포스포츠센터(실내수영장),,물이 깨끗하고 선생님들 엄청 친절하세요. 자세히 잘 가르쳐주시고 선생님만 보고 다닙니다. 근데 주차하기가 너무 복잡하고 어려워요. 주차만 해결되면 너무 좋을것 같아요.
122,난지한강공원물놀이장,,"수심은 1미터 아래 아이들 수영하고 물장구치기 좋아요
주차장은 일찍오셔야 덜 걸어요 제일가까운쪽은 겹치기 주차하니 차빼실때 주의 배달음식불가 단 밖에 나가서 수령된다하지만 더워서 이것도 별로 비추함 음식적당히 잘싸오세요 이마트 닭꼬치 돌려서 포장해서 먹었는데 든든해요 컵라면삼천원 물만 받는걸 천원 참고하세요
가격저렴해서 다른단점을 상쇄"
123,난지한강공원물놀이장,,아이들이 놀기에 수심이 딱 적당해서 너무 좋았습니다 가격도 저렴하고 한강 바로 앞이라 기분도 좋아요! 덕분에 즐거운 시간 보냈어요 이 날 물분수가 고장났었는데 다에는 꼭 운영했으면 좋겠어요 💚
124,난지한강공원물놀이장,,"가격 좋아요! 한강에서 서핑하는 사람들 바라보며 
물놀이 구경하고 안전요원 있어서 다행이구, 
힐링하고 왔어요 
다만 어딜가나 주차전쟁 … ㅠ "
125,난지한강공원물놀이장,,"너무 더운 날씨에 반나절 놀았어요. 아이들 잠깐 놀기 좋아요. 아침 일찍 가야 파라솔 자리 있어요. 
한강뷰물놀이장 좋아요!! "
126,난지한강공원물놀이장,,"장점: 저렴함, 한강뷰
단점: 화장실이 매표소 밖에 있음, 샤워시설 없음(발닦는 곳만 있음) 관리인원 부족으로 통제 잘 안됨, 매점 협소하고 준비가 덜 되어 라면물 받는데 엄청 오래 기다림, 썬베드 추가 결제했는데 입장 후 1시간 정도만 확인하고 그 후론 결제 유무 확인 안하니 그냥 사용해도 모름, 야외 수영장이라 벌레 죽은거 엄청 떠다님"
127,난지한강공원물놀이장,,"월요일 오후 아이하원후 방문했는데
헉~~ 찌린내 너무나네요
물때까지 이해하겠는데 
둥둥 떠다니는 이물질보니 들어가기 싫어질 정도~~
주말지나고 월요일이라 수질관리 안한듯  보여요ㅜㅜ"
128,난지한강공원물놀이장,,🐬
129,난지한강공원물놀이장,,"아이들놀기 좋아요
"
130,난지한강공원물놀이장,,이 가격에 아이랑 놀기 좋은곳은 없지요. 주차가 좀 힘들어도.. 좋았습니다.
131,난지한강공원물놀이장,,"아이들이 물놀이 하기 좋았어요.
가격도 저렴해서 좋아요.
웬만하면 도시락 싸가고 라면 사서 추가로 드세요.
라면만 먹기에는 가격이 너무 비싸요 ㅜㅠ"
132,남창낚시터(남창지),,
133,남창낚시터(남창지),,
134,남창낚시터(남창지),,굿
135,남창낚시터(남창지),,"방송에 나와서 방문했는데...
방송에서는 송어를 엄청 풀어놨는지 황금소어어까지 여러마리 잡던데... 우리팀을 포함해서 송어잡는 사람을 다섯손가락에 꼽히게 본듯 함.... 다신 안갈듯!"
136,남한강수상스키장,,보드타시는분이 많이 계셔요
137,노진낚시터,,굿
138,다이브라이프,,"수심 3m의 작은 풀이라 초심자가 무섭지 않게 연습하기 좋아요 ㅎㅎ! 가격도 다른 풀에 비해 저렴해서 부담 없고, 시설도 아주 깔끔합니다💛 저는 프다 체험 강습 받았는데, 호흡부터 레스큐까지 2시간 안에 빠르게 훑어볼 수 있는 코스라 넘 좋았어요! 같이 수강하신 남자분은 엄청 빨리 익히시던데, 저도 덕 다이빙 잘 하고 싶네요 ㅎㅎ ㅜㅠ 다음엔 꼭 라이선스 과정으로 다시 참여하고 싶어요~!!"
139,다이브라이프,,머메이드 다이빙은 처음이었는데 너무 재밌게 잘 즐기고 왔어요
140,다이브라이프,,매 시간마다 참여자에 맞는 트레이닝 방법을 알려주십니다!
141,다이브라이프,,서울 도심 한가운데서 프리다이빙  연습이 가능해서 자주 이용합니다. 하면 할수록 프다 매력에 빠져드네요. 항상 예약이 풀이라 미리하지않으면 안되는 인기 강습 !!
142,다이브라이프,,"다라에서 트레이닝 받으면 재미와 실력 모두 얻을 수 있어요~~~♡ 
"
143,다이브라이프,,"다이브라이프 강사님께 2월에 padi2. 프리다이버 레벨 취득하고  계속연습중입니다. 이퀄, 덕다이빙, 호흡 차근차근 배우고 있어요.  이론도 중요하지만 꾸준한 연습도 중요하죠. 이곳에서 2시간 트레이닝하다보면 운동도 되고 실력향상도 되고 부족한점도 알게되어 좋습니다. "
144,다이브라이프,,"다이빙 강사분의 지식이 부족하신 것 같아요.
아니 정확히는 실력은 있으신데 가르치시는걸 잘 못하시는 것 같아요. 다이빙 레슨 후 다른곳으로 옮깁니다.."
145,다이브라이프,,다이빙 다녀왔는데 깔끔하고 좋았습니다! 입문자 분들께도 좋을 것 같아요ㅎㅎ
146,다이브라이프,,"아늑하고 따듯한 다이빙 전용풀장이에요
강남에 이런곳이??
보석같은 숨은 공간
카페도 있어서 커피마시며 물멍도 가능해요"
147,다이브라이프,,자주 갑니다~ 너무 좋은 곳이에요~ 
148,대동 낚시터,,굿 입니다 
149,대동 낚시터,,굿 
150,대동 낚시터,,다른 때보다 많이 잡았어요
151,대동 낚시터,,자주가요
152,대동 낚시터,,좋아요
153,대동 낚시터,,자주가요
154,대동 낚시터,,시설.환경 최악의 경험했네요!!!
155,대동 낚시터,,그럭저럭
156,대동 낚시터,,굿
157,대동 낚시터,,좋아요
158,대석낚시터,,향붕어터 입니다 
159,대석낚시터,,쏘쏘
160,대석낚시터,,소소
161,대석낚시터,,좋아요
162,대석낚시터,,붕어가...있나?
163,대석낚시터,,여유로움 가득한곳
164,대석낚시터,,리뷰
165,더 초리골,,"산 속에 있어서 청량함이 더해지는 더초리골!
평일기준(월) 9시 도착하니 여유롭게 자리잡고 정리하고 수영할 수 있었어요!
취사가능하고 수영도 할 수 있고 좋아요!
수심은 두 종류인데 유아전용수영장에 에어바운서가 세 개나 있어서 참 좋아요!
중간에 분수도 아기가 좋아해서 만족했답니다!
전자레인지는 사용 가능하고 뜨거운 물 이용은 불가능해서 컵라면을 드시려면 냄비 가져가셔서 끓은 물 쓰셔야 합니다^^"
166,더 초리골,,"2번째 방문이네여~~낮에 35도까지 올라가서 폭풍땀을 흘리고 또 야간수영을 갔어여 요번엔  고기를궈야지 하다가 귀차니즘이 찾아와서 가족들과 각자먹고 싶은거 포장해서 닭발볶음에 분식종류 그리고 막걸리한잔 캬~~이게
행복이더라구여^^ 미친듯이 수영하고 집에와서 기절했답니다ㅎㅎ담에 또 가야쥐 이번엔 반드시 삼겹살을 굽기로 약속했으니 지켜야겠군여ㅋ"
167,더 초리골,,"여행기분 내러 아이들과 같이가기 좋아요.
입장권은 끊고 평상대여(4만원)는 현장지불이에요~~
취사가능이라서 버너, 냄비, 고기해먹기 좋아요.
장금이가 많은지 여기저기 맛있는 냄새 솔솔"
168,더 초리골,,이날 다행히 사람이 없어서 한적하게 잘놀다왔어요~~ 물앞에서 닭발이랑 고기궈먹고 아이들이랑 물놀이한판하고 다시 나와서 또 먹고 잘놀다왔네요~
169,더 초리골,,"아이들과 이른 물놀이 다녀왔어요..
물도 깨끗하고 시설이 깨끗해서 이용하기 좋았어요.
오전엔 물이 차서 아이들이 추워했는데.. 오후엔 같이 물놀이 하며 즐거웠습니다. 취사가 가능하니 맛난거 싸가서 해먹기 좋구요. 평상이 있어서 편리했습니다. 아이들도 즐거워 해서 기분좋은 물놀이 하고왔어요"
170,더 초리골,,잘 놀다왓어요. 애들 잘 놀더라구요. 오후에도 많이들 오시네요. 물반 사람반. 위치중간쯤 중간2줄이 오후에 해도 안들어오니 좋앗어요.
171,더 초리골,,날이 너무덥고 오픈런은 못하겠고해서 야간수영장을 발견!6시부터 10시까지-5시에 도착해서 자리잡고 6시부터 입수. 사람들도 없고 아주 여유롭고 시원하게 잘 놀다왔어요. 모자쓰는거랑 구명조끼입는거 강제적이 아니라 좋아요. 벌레들 사체랑 물위에 둥둥 머가 있긴했디만 야외니 그러려니해요.
172,더 초리골,,"여름 가기 전에 아주 잘 놀다왔어요~ 
50분 놀고 10분 쉬는시간이 있어서 아이들도 무리하지 않고 좋더라구여^^ 다음에는 야간도 이용하러 방문하겠습니다:)"
173,더 초리골,,간만에 야간수영하러 초리골에 갔는데 식구들이 너무 재밌게놀고~~무엇보다 한적하고 사람없어 맛난거먹고 실컷 놀다왔네여ㅎㅎ관리도 잘되어있고 물이 깨끗해서 완전좋으네여 담주에 또 오기로했어여
174,더 초리골,,"다른 분들 리뷰 보고 갔는데 생각보다 막 규모가 크진 않았고, 아이들 놀기에 좋아보여요. 취사가 가능해서 좋았습니다. 수심 깊은 곳에 들어갔다가 낮은 곳으로 가면 물이 따뜻하게 느껴져서 좀 찝찝하긴 했으나 잘 놀다가 왔습니다."
175,더시크릿수상레저,,ㅡ
176,더시크릿수상레저,,굿
177,더시크릿수상레저,,"친절해요
주차장 넓어요
서울에서 비교적 가까워요"
178,더시크릿수상레저,,굿
179,덕봉낚시터,,좋아요
180,덕봉낚시터,,굿굿
181,덕봉낚시터,,맛있어요
182,덕봉낚시터,,송어 잡다 얼어죽을뻔…
183,덕봉낚시터,,오늘도 지인들과함께 즐낚하고왔어요
184,덕봉낚시터,,"오늘 또 송어잡 으러가요"
185,덕봉낚시터,,춥지만 송어낚시하기 좋아요
186,덕봉낚시터,,송어 힘좋고 음식맛나고 자주가는 낚시터죠
187,덕봉낚시터,,맛나고 경치좋아요
188,덕봉낚시터,,좋아요 
189,덕송지 수상 풍차 낚시터,,너무좋았어요 물고기도잘잡히고 방은 에어컨빵빵 쉴수있구 요새같은 시국에딱입니다ㅋㅋ  일하시는분도 너무 친절하세용
190,도농한강공원물놀이장,,"더워서찾아간물놀이장
다행히 일요일에 오픈을했어요!
뜨거운 햇살에 물도 미지근
그래도 떨어지는 물은 시원해요
다들 그늘막과 텐트들고 오셨네요
아이들이 많치만 즐겁게 잘 놀아요^^
주차도 편하구요
23일부터 물놀이장들이 본격적으로 개장하면 좋겠네요!
"
191,도시바다낚시터,,굿
192,도시바다낚시터,,"만정 하면 방류빨!
짬낚으로 둘이 이만큼~^^"
193,도시바다낚시터,,굿
194,도시바다낚시터,,영종도서 만정낙시방향 참새방앗간집 가다들러요.
195,도시바다낚시터,,"주에 2번방문해서 민어랑 자바리 잡고가네요 ㅎㅎ
늘 친절하신 스탭 분들과 맛있는 카페 커피 너무 좋아요😊💕"
196,도시바다낚시터,,굿
197,독도 바다낚시터,,낚시하기 좋아요
198,독도 바다낚시터,,조용조용
199,독도 바다낚시터,,굿
200,독도 바다낚시터,,고기 많이 나왔으면 좋겠어요
201,독도 바다낚시터,,좋습니당
202,독도 바다낚시터,,굿
203,독도 바다낚시터,,ㄱ
204,독도 바다낚시터,,ㄱ
205,독도 바다낚시터,,손맛이 
206,독도 바다낚시터,,ㄱ
207,돌고래수상리조트,,"뷰가 좋아요 바로 앞에 강이 있구요
여름에 와서 놀기엔 딱인듯해요
복층방인데 계단이 가팔라 조심해야할 것 같구요
단체로 와도 좋았던게 화장실이 2개라 편했습니다
바베큐장이 따로 있는데 천막 둘러있고 안에 난로 있어서 따수웠어요
겨울이라 그런지 사람이 많이 없어서 주차자리 부족함은 없었으나 성수기에는 주차 힘들수도 있을 듯 해요..!
고양이가 많고 귀여워요 6마리 봤는데 다 똑같이 생김"
208,돌고래수상리조트,,"너무깨끗하고
뷰도좋아요"
209,돌고래수상리조트,,"층고가 높아서 겨울엔 난방이 좀 안되고 추웠지만 공간도 넓고 뷰도 좋고
만족하며 잘 다녀왔습니다.
"
210,돌고래수상리조트,,"엄청 특출날거없는 그냥 방임

6만에 노래방무제한이 매우 장점이었음

그치만 완벽방음 절대 아니고 바깥 바로옆에 바베큐장있는데 거기서 매우 잘들림

다른사람들이 우리 노래 열심히 감상해줬음"
211,돌고래수상리조트,,"단체로 가기 좋았어요
노래방 기계도 있고 바로 밑에 수상레저도 할수 있고 만족합니다.
다만 방에 화장실이 2개지만 하나는 샤워실이 없는게 약간 아쉬웠어요"
212,돌고래수상리조트,,vip실 사용했고 최소수용인원이 5명이었는데 화장실은 두 갠데 샤워가능한 화장실이 하나여서 그건 좀 아쉬웠지만 카운터보시는 사장님 친절해서 너무 좋았어요 그리고 강뷰도 너무 예뻐요! 힐링하고 갑니다
213,돌고래수상리조트,,"리조트앞에 있는 물놀이시설.
제트스키는 박아지요금과 불친절.
제트스키 6분사용요금.6만원.카드않됨.현금만 요구.
다음에는 않올것 같다
"
214,돌고래수상리조트,,"잘쉬다갑니다
방이 상당히 넓어서 좋았습니다
냉장고만 살짝 아쉽고 대만족"
215,돌고래수상리조트,,"돌고래 리조트와 함께 운영하는 식당입니다..
바베큐  고기.. 강뷰 좋아요..
김치 맛있어요"
216,돌고래수상리조트,,방도 넓고 좋았어요!
217,동검레저바다낚시,,"수도권 유터 중에 가장 저렴하면서도 물고기가 잘 나오는 곳이죠
다만 수온이 변하는 시기여서 그런지 이번엔 많이 잡지 못했어요ㅠㅠ
천천히 가서 그런가 늘 가던 자유라인에 자리가 없어서 처음으로 방갈로를 잡아봤는데 참 어려웠습니다...
그래도 저는 참돔 하나 올렸고 일행은 우럭 6마리를 올려서 손맛만큼은 확실했네요"
218,동검레저바다낚시,,"1인 12시간 현금 7만원, 낚시대 대여 1만 입니다.
간다고 무조건 잡는건 아닙니다. 도움 요청하면 와서 설명 잘해주십니다."
219,동검레저바다낚시,,꽝 치기  어쩜 좋아. ..
220,동검레저바다낚시,,"올해의 마지막 동검에 왔네요~
고기를 적당히 많이 잡아서 더좋았네요 열심히도 했지요^^ 손질해서와서 우럭탕수육도 해먹고ㅋ
시부모님도 해드리고~~~좋아좋아..엄지척
내년에 또 보아요"
221,동검레저바다낚시,,"딸려있는 식당
깔끔하게 잘나와요
이번에는 순두부 맛있게 먹고갑니다~^^"
222,동검레저바다낚시,,굳굳
223,동검레저바다낚시,,"어떤때는 고기만 열심히 잡기도하지만 편히 쉬러 옵니다 남편도  좋아하지만 자주가다보면 돈 모으기가 조금은 힘들겠죠??ㅋ
하지만 여기서 마음의안정을 조금 찾고갑니다~"
224,동검레저바다낚시,,낭군님이랑 쉬는날마다 거의 이곳에서 시간을 많이보냅니다 고기도 지렁이도 못만지던 내가 많이 변했어요^^
225,동검레저바다낚시,,참돔 네마리로 짬낚시의 손맛 제대로~~
226,동검레저바다낚시,,"왼쪽에서는 계속 고기달라고 대놓고 말하시고 
자리치우는동안 지렁이 말도 없이 들고가시고 
최대한 왼쪽으로 던졋음에도 오른쪽에서는 계속 제 찌에 던져서 엉키게하면서도 사과한마디없다가 괜히 저희보고 뭐라하심 그후로  계속 엉킴
(채비가 흐르는것은 당연한데 제가 어려서 그런지 엉킨다해도 무시하시고 캐스팅할때도 제 라인쪽에 던지시고 전 오히려 피해서 던지고 심지어 못던지고 있는 순간도 잇었음)
관리가 너무 안되는 느낌이엇음

어린 관계로 옆조사님잊너무 과하게 찌 흘리신 삿태에선 말씀드려도 무시만 당함
기분이 너무 나빳음
잡은 고기 사진찍으러는 오셧지만 그분은 여전히 제라인에 무리하게 던졋어요
이런건 개선부탁드려요
그외엔 ㄴ

( 짬낚6시간 2명이서 동안 참돔4  병어1잡앗어요)"
227,등대바다낚시터,,굿
228,등대바다낚시터,,좋아요 
229,등대바다낚시터,,굿
230,등대바다낚시터,,굿
231,등대바다낚시터,,굿
232,등대바다낚시터,,굿
233,등대바다낚시터,,굿
234,등대바다낚시터,,좋아요
235,등대바다낚시터,,좋아요
236,레인보우 서프,,"강사님이 초보자도 잘 랄 수 있게 너무 잘 알려주시고 시설도 좋고 ㅎㅎㅎ
초코라떼도 너무 맛있었어요 ㅎㅎㅎ
만리포 가면 무조건 레인보우만 갈 예정!!!"
237,레인보우 서프,,저희 가족 네명이  모두 배웠고 강사님께서 친절하게  잘가르쳐주셔서 아빠도 서핑체험 만에 라이딩성공했습니다 감사드립니다 재방문의사있습니다
238,레인보우 서프,,강사님은 너무 친절하시고 좋았는데 바로 옆에 있는 다른 서핑샵 샤워시설을 이용했습니다. 사람 많은게 싫어서 새로 시설 리뉴얼 했다는 소개글 보고 예약한건데.... 다른곳으로 안내를 해줘서 샤워기도 모자르고 옷벗는 곳과 씻는곳 분리가 안되어있어서 불편했습니다. 
239,레인보우 서프,,보드 빌려는데 잘 썼습니다. 옷도 놓고 와서 걱정했는데 친절하게 안내해주셔서 놓고 간 물건도 잘 받았습니다 감사해요
240,레인보우 서프,,"혼자 다녀왔는데 너무 만족해요.
서핑 처음 배웠는데 두려움이 있었거든요.
1시간 수업하고 혼자 사진 찍고 계속 연습하니까
많이 늘더라고요. 선생님도 친절하게 잘 알려주셨답니다.
물 많이 먹었는데 진짜 꿀 잼이어서 대만족.
다음에 또 올게요. ^^"
241,레인보우 서프,,"바다 입구에서 가까워서 좋아요!
강습 때 파도 별로 없어도 밀어주셔서 재미있었어요.

그런데 지면이 열을 받아서 바다까지 맨발로 갈 때 발바닥 불타는줄 알았어요.
발바닥이 열을 잘 견디지 못하고, 신발 잃어버려도 괜찮으신 분은 구냥 신발 신고가세요ㅠㅠㅠ

어쨌든 보드도 새거 같았고, 탈의실&샤워장 깔끔하고, 강사분들도 친절하고 인생샷도 제조해주십니다."
242,레인보우 서프,,파도가 생각보다 높아서 걱정했는데 그래도 잘 알려주셔서 재미있었습니다~
243,레인보우 서프,,초등 남매 강습신청했는데 아이들 이름불러주시며 챙겨주셔서 너무 감사했어요~ 아이들도 재밌었다고 또 가고싶데요!
244,레인보우 서프,,친절하다는 후기 보고 갔는데 정반대였어요 강사님도 샵에 계신 분들도 다 힘이 없고 억지로 있는 느낌...? 까칠하다는 느낌이었어요ㅠㅠ 렌탈이더라도 다시는 안 가고 싶네요.. 옆에 강사님 수업하시는 거 보면서 부러워했어요
245,레인보우 서프,,"바다 입구에서 가까워서 좋아요!
전날 이미 강습을 한번 받아서 다른 것도 조금 더 팁을 주셔서 좋았습니다!


(사진은 만조때 서핑하려다 지쳐서 인생샷이나 건지자!)"
246,롱비치 서프스쿨,,너무너무 친절하시고 숙소도 너무너무 깨끗하고 좋았어요.. 사장님 강사님 모두 친절하셔서 기분 최고 또올거에요 나만 알았으면.. 아니 다들 알고 번창햇으면.. 아니 소소하게 번창했으면... 나 또와야되니까^^
247,롱비치 서프스쿨,,선생님도 넘 친절하시고 샤워시설도 잘 되어있고 아주 만족했어요 담번에 또 배우러 가고 싶어요 추천합니다
248,롱비치 서프스쿨,,"처음 배우는 서핑이였는데, 너무 친절하고 자세히 알려주셔서 좋았습니다. 촬영도 해주셔서 양양여행 기념이 되었어요! 친구와 방문했는데 그 날 그 수업 시간에 저희만 있었어서 더 상세하게 배울수 있었는데 파도 타는거까진 성공못해서 아쉽습니다. 그래도 서는거까지 성공할 수 있었던건 강사님이 잘 알려주셔서 그런거 같아요! 담에 양양가면 또 방문하고 싶어요❣️"
249,롱비치 서프스쿨,,너무 잼있고 친절하게 하나하나 잘 가르쳐주시고 잘 못해도 응원도 많이 해주시고 정말 감사했습니다 또 갈께요~~~~
250,롱비치 서프스쿨,,친절하시고 불편없이 머물다 갑니다
251,롱비치 서프스쿨,,"소프트보드렌탈과 게하만 이용했습니다. 와.. 게하에서 정말 살고싶었어요. 문앞에서 보는  바다일출,일몰 ㅠㅠ 넘 황홀하고 멋졌어요. 보드도 넘 새거여서인지  미끄러웠지만 신나게 서핑했습니다. (사실 파도가 높아서 얻어맞았.....😂)"
252,롱비치 서프스쿨,,재밌게 잘 놀고 왔습니다
253,롱비치 서프스쿨,,"사장님 너무 친절하세요👍🏽
목욜 3시 운 좋게 저랑 남자친구랑 둘이서만 강습 들었어요!!
이론 강습도 꼼꼼하게 저희 눈높이에 맞춰서 잘 해주시고 막상 탈때 제가 잘 못탔는데 계속 트라이 하게 열심히 격려해주시고 밀어주셔서 한번 성공했네요🔥
너무 좋은 기억과 추억 남기고 갑니당!! 다음에도 꼭 올게요 감사합니다🤙🏽🤙🏽🤙🏽🤙🏽🤙🏽 샤카!"
254,롱비치 서프스쿨,,"해외 휴양지에 온 것 같은 자유로운 분위기였어요~
이론 알려 주시고 단계별로 실습도 하는 과정입니다~
선크림은 지워진다고 선머드 주시는데, 손이랑 목이랑 발에도 꼭 바르셔요!
"
255,롱비치 서프스쿨,,너무 좋았습니다~~서핑 강습도 잘 알려주시고 게스트 하우스도 깨끗하고 조용한게 좋았습니다. 서핑샵에 계시는 사장님이나 선생님들도 모두 다 친절하게 잘 대해주셔서 잘 배우고 왔습니다. 
256,리버포인트 수상레저,,"사장님이 잘생겼어요ㅎㅎ
작년에 방문하고 기억에 남아서 재방문했어요!
여름 전에 방문이라 준비가 덜 되었을까봐 걱정했는데 너무 잘 준비해주셔서 놀이기구도 재밌게 타고 바베큐고 편하게했습니당!
직원분들 다 너무 친절하세요
여름에 다시 방문할건데 워낙 인기많은 곳이라 예약할수있을지가 걱정이네여ㅠㅠ"
257,리버포인트 수상레저,,"직원분들도 친절하고 너무 재밌게 놀았어요 
숙박 바베큐 무제한 패키지 이용 했는데 
정말 후회 없었슴돠 !!! 최고에요 
픽업 까지 짱 ! 
날씨 더 좋아지면 꼭 다시올거에요 
좋은 추억 만들다 갑니다 
감사합니다 💓"
258,리버포인트 수상레저,,좀 이른 시기에 오긴했는데 사람 없어서 더 재밌게 놀았어요 !  사장님도 친절하시고 기구 무제한으로 많이 탔어요 !
259,리버포인트 수상레저,,직원분들이 다 친절하고 너무 잼있게 같이 놀아주셨어요 잼있게 놀다갑니다 또 놀러오고 싶네요☺️
260,리버포인트 수상레저,,누구보다 먼저 와서 제일 신나게 놀고 갑니다아 굿
261,리버포인트 수상레저,,7.12일 수요일 오전에 손님 40명 안쪽으로 있었던 것 같아요ㅎ 5분 이내로 대기하고 바로바로 잘 탔고 스태프들 많이 있어서 여러모로 신경 써 주셨어요. 근데 손님들이 타다 다치면 업장에 고소하고 그런 일이 많아서 노잼으로 태워준다고 하셨어요ㅠ 그래도 나름 스피디하게 아주 재밌었어요ㅎㅎ 강물은 비가 많이 와서 그런가 정말 흙탕물이었는데 그래도 쓰레기는 많이 안 떠다니는 걸로 봐서 관리 열심히 해주시는 것 같아요. 워터파크 놀이기구도 크진 않지만 재밌었어요ㅎㅎ 샤워실은 칸칸이 샤워부스가 있는데 샤워실 안에 딱 샤워기만 있으니 수건이나 샴푸 등은 챙겨오셔야 해요. 근데 다들 놀다 펜션으로 돌아가서 샤워실은 거의 안쓰는 것 같아요.
262,리버포인트 수상레저,,"가평 빠지 처음 와봤는데 정말 재밌네여..!
새끼고양이도 정말 귀엽구😺
웨이크보드도 처음 타봤는데 잘 가르쳐주셔서 첫번째 시도 만에 성공했어요.!.!
풍경도 진짜 예쁘고 일하시는 분들 다 멋지십니다..✨"
263,리버포인트 수상레저,,"친규들이랑 놀러왔는데 직원분들 친절하시고 너무 재밌고 안전하게 운행 잘해주세여🥺🥺
오픈런 해서 점심시간 빼고 계속 탔어요..
손님버전 직원버전 운행 다른데 직원버전하면
내 몸이 붕 뜨면서 아- 난 아직 가볍구나^^*
행복 경험하고 가세요ㅎㅎ
딱 놀러오는날 비와서 운행 안하면 어떡하나 걱정했는데 다 되고 오히려 좋아요❤️
지금부터 이제 장마 시작인거 아시죠 꼭 비오는날 오세여🙏진짜 제발제발!! 올 여름은 무조건 여기로~~ 안덥고 물 따숩고 파도 잘치고 ~~
재밌게 잘놀다 가요 감사합니다 사장님❤️
거의 신설처럼 다 깨끗하고 화장실 샤워실 갯수 많아서 친규들이랑 당일치기도 딱 좋으실듯 합니다
저희는 바베큐까지 싸악 조지고 가요
낼 몸살 예약.. 안농🙌"
264,리버포인트 수상레저,,"호떡,팡팡 두개는 꼭 타세요....놀이기구 5종했다가 너무 재밌어서 더 추가해서 탔어요!
평일에 오니까 사람들도 별로 없어서 놀이기구 많이탈수있고 안에 미끄럼틀이랑 방방도 재밌어요!"
265,리버포인트 수상레저,,더 늦기전에 빠지 해보고싶어서 고르고골라서 왔는데 선생님들 친절하시고 남편이 허리가 안좋아서 걱정했는데 너무 무리하지 않게 조절해주셔서 좋았어용 🥹🥹 첨 해본 빠지인데 담에 또 해보고싶네용~~~ 😄😄
266,마정 낚시터 (마정지 낚시터),,"친절한지는 잘모르겠어요
서비스가 좀 부족 합니다
떡밥통 수건 생수 세가지 모두 안주는 곳은
여기가 첨이라...
고기 잘나오는 곳은 자리기 없어요."
267,마정 낚시터 (마정지 낚시터),,굿
268,마정 낚시터 (마정지 낚시터),,친절해요 
269,마정 낚시터 (마정지 낚시터),,"날이추워 못잡았지만
가족끼리 힐링 하고좋았어요"
270,마정 낚시터 (마정지 낚시터),,짱
271,마정 낚시터 (마정지 낚시터),,좋아요
272,마정 낚시터 (마정지 낚시터),,굿
273,마정 낚시터 (마정지 낚시터),,굿
274,마정 낚시터 (마정지 낚시터),,굿
275,만정민트바다낚시터,,굿
276,만정민트바다낚시터,,귣
277,만정민트바다낚시터,,잘 놀다 갑니다
278,만정민트바다낚시터,,굿
279,만정민트바다낚시터,,좋아요
280,만정민트바다낚시터,,
281,만정민트바다낚시터,,굿
282,만정바다좌대낚시터,,굿
283,만정바다좌대낚시터,,"만정 하면 방류빨!
짬낚으로 둘이 이만큼~^^"
284,만정바다좌대낚시터,,굿
285,만정바다좌대낚시터,,영종도서 만정낙시방향 참새방앗간집 가다들러요.
286,만정바다좌대낚시터,,"주에 2번방문해서 민어랑 자바리 잡고가네요 ㅎㅎ
늘 친절하신 스탭 분들과 맛있는 카페 커피 너무 좋아요😊💕"
287,만정바다좌대낚시터,,굿
288,만정사계절바다낚시터,,"힐링의 최고봉!! 엄마랑 주말 데이트~
나보다 엄마가 더 쉰나쉰나!!! 
스탭선생님들의 친절은 눈물이 나요...
만정 사계절 히트!!! 고양이 만냥이도 홧팅!!!"
289,만정사계절바다낚시터,,ᆢ
290,만정사계절바다낚시터,,쉬는날 꼭 힐링하러 가는곳 아~
291,만정사계절바다낚시터,,좋아요~~~~
292,만정사계절바다낚시터,,직원분들 너무 다 좋으셔요 정말 편하게 쉬다오는 곳이예요 완벽한 힐링타임~
293,만정사계절바다낚시터,,매주 엄마랑 오는곳 스트레스 뿌셔버리기!!!
294,만정사계절바다낚시터,,"돈많고 시간많을때가시면 생각보다 알차게 돈쓰고 즐기시다 오실거예요
사람이 그리 많은줄 처음알았어요"
295,만정사계절바다낚시터,,"만정좌대만 다니다 만정사계절은 처음 방문했는데
방가로와 화장실, 호지 등의 시설은 청결하고 관리를 잘하시는것같았어요
야간직원이 친절하진않아요"
296,만정사계절바다낚시터,,좋아요~~
297,만정사계절바다낚시터,,좋앙ㄹㄷ
298,말봉바다낚시터,,"제육볶음 먹다가 찍은 사진인데 양도 많고 맛있어요~
반찬들도 다 맛있고 반찬계속 더 챙겨주셔서 감사했습니다ㅎㅎ
맛집이에요!"
299,말봉바다낚시터,,6인카라반 대여14만. 낚시2인198000원. 12시간 이후 추가비용5시간반  98600원! 낚시는 즐거웠으나 시간 잘보고 이용하세요. 비용이 만만치않음요.^^;;;
300,말봉바다낚시터,,"돈 날렸네요. 시간도.
입질 구경도 못했습니다.
친절하기라도 했으면...빌린 낚시대는 녹슬어서 잘 감기지도 않아요.
6시간동안 주변에서 2마리 잡는거 봤네요.
넘 아까운 날이었습니다."
301,말봉바다낚시터,,바다낚시를 편하고 즐겁게 할 수 있어서 좋아요. 카란반도 있구요. 방갈로도 있어서 가족끼리와도 좋아요. 화장실도 깨끗하고 냄새 않나서 좋아용.그리고 낚시터 안에 '말봉식당 맛집입니다. 사장님 짱 친절하시구..잘생기심^^잡은 물고기 바로 회도 떠서 먹을 수 있어요. 담에 또 오고싶네요.
302,말봉바다낚시터,,말봉 낚시터 최고얌
303,말봉바다낚시터,,"카라반쪽 여자화장실…실망….일주일만에 다시 갔는데…화장실 일주일째 고쳐지지 않아 멀리 있는 곳까지 갔다 와야 했고…이쪽에만 비누가 없어요… 남자들만 가는 곳인지…. ㅠㅠ
카라반 깨끗 하진 않아요.. 
그래도 유터자체가 조용하고 고기가 잡히니 그건 좋아요.."
304,말봉바다낚시터,,정말 맛잇어요  친절한 이모님 고마습니다  대박나세요
305,말봉바다낚시터,,굿
306,말봉바다낚시터,,친절해요
307,말봉바다낚시터,,친절해여
308,문서프,,"4월 날 좋은 날에 서핑했는데 춥지도 않고 한적하게 즐겁게 서핑하다 갑니다! 서핑 강습 여러 번 들어봤는데 힘들어서 그만하겠다고 한 적은 처음인 것 같아요 ㅎㅅㅎ 선생님이 열정 가득 잘 알려주시고 초등학생, 중학생 친구들이랑 같이 들었는데 엄청 친절하셔서 아이들이 듣기도 좋겠다고 생각했어요 :-) + 드론 영상 찍어주는 곳도 처음이에요 살면서 드론으로 찍힘 당한거 처음인데 여러모로 즐겁게 즐기다 가요! 감사합니다 😌"
309,문서프,,"처음 타는 아이들도 너무 안전하고 재미있게 잘 탔어요
교육도 꼼꼼하게 해주셨고
강습도 친절하게 해주셔서 아이들이 잘 긴장감 없이
즐기면서 탈 수 있었던것 같아요~
급하게 예약하고 온거라 준비한거 없이 왔지만
서핑복도 대여하고 강습 후 샤워 시설까지 잘 되어 있어서 너무 좋았습니다.
아이들에게 제주 여행 중에서 제일 기억에 남는 체험이 된것 같아 기뻐요.
감사합니다^^"
310,문서프,,"고민하다사 문서프 서치 해서 혼자서도 가능 하냐고 물어봤는데 상관 없다고 해서 방문 했는데 사장님 그리고 강사님들이 친절하게 동작 하나하나 섬세하게 잡아 주셔서 신나게 잘타고 왔어요.
시간도 부족하지 않고 분위기 좋고 좋았습니다.^^
강추"
311,문서프,,"서핑 처음해봤는데 진짜 너무 즐거웠어요!!!
두시간동안 교육도 쉽게 잘 설명해주시고 바다에 나가서도 꼼꼼하게 봐주셔서 신나게 즐겼습니다ㅎㅎ
제주에서 서핑배워보고싶으시면 문서프로 가세요!진짜 너무 만족스럽습니당❤️ 친절하고 꼼꼼히 도와주셔서 좋은 추억 만들어갑니당~~!!"
312,문서프,,"안전부터 이쁜 사진까지~ 서핑 너무 즐겁게 하고 왔습니다!!! 🙌🙌 샤카~!!! 🌊🏄‍♀️🤙🤙🤙
다음에 또 오겠습니다!!"
313,문서프,,"안전교육 받고 해변으로 가서 지상교육 후 
안전하게 해상교육이 이뤄졌어요
수업도중 안전에 엄청 신경 쓰시믄서 
수업진행해주셨고 잘가르쳐 주신 덕분에
처음해봤는데 잘따라갈 수 있었어요
사장님도 너무 너무 좋고^^
강동원 닮은 강사님까지
 기념촬영두 감사합니다
재방문 의사 있습니다.

안전하게 잘가르쳐주셔서
즐거운 추억만들고 갑니다!!!"
314,문서프,,"두번째 문서프방문입니다~
작년에 남동생과 추억이 너무 좋아서 막둥이여동생이랑 같이 왔어요ㅋㅋ
오늘도 친절하게 가르쳐주셔서 넘 감사드려요ㅎㅎ!!!
작년에 한번했다고 오늘은 좀 서봤는데ㅋㅋ
몸이 기억한다는게 참 신기하네요

동생도 아직 초등학생이라 서핑을 잘 따라올 수 있을까싶었는데
강사님께서 잘 설명해주시고 안전하게 잘 이끌어주셨어요
ㅎㅎㅎ감사합니당!!!"
315,문서프,,"사장님, 강사님 모두 정말 친절하시구요🥰 
15:00 시작 강습 받아서 진짜진짜 왕 멋있는 노을까지 보고와서 만족 500% 입니다💕
완전 추천이에요!!
그리고 처음타는 사람들은 강습 3시간 추천입니당,, 저희는 한시간 자유로 했더니 못하겠더라구요 ~~
넘 즐거웠습니다 ㅎㅎ 감사합니다:)
"
316,문서프,,"강사님 잘생기시고 친절하셔요. 강추. 물에들어가기 전에 기본 안전교육과, 해변에서 보드위에서 서는법 교육받고, 물에서도 여러 방법 안내해주셔서 강습2시간알차게 보내고 프리타임도 혼자서 재밋게도 탔어요 ㅎ 끝나고나서 시원한 아메리카노도 마시고 즐겁게 보냈어요. 날이 좋아서 파도도 높게치고 진짜 재밌었어요. 다음에도 또 서핑하러 오고싶어요. 2차 후기 남기러 오겠습니다 ㅎㅎ"
317,문서프,,첫 서핑이였는데 한번도 안 해본 사람도 자세 잘 잡을 수 있게 천천히 가르쳐주시고 강사분들이 정말 재밌으세요! 서핑하는 분위기를 편안하고 재미있게 만들어줘서 다시 제주도에 와도 또 배우러 오고싶네요 만약 서핑하실 생각이라면 문서프 강추합니다!!🫶🏻
318,미란다 스파플러스,,23년10월10일 부터 잠정휴장 들어간다고 하더군요!! 그래서 인지 엉망이였습니다. 다시 정비후 개장하길 바라고 개장후 다시 찾을 생각입니다. 하지만 진짜 1점 줄수밖에 없는 상황이더군요~ 
319,미란다 스파플러스,,"시설이 아주아주 낡았더라구요.
탕에 물이 비어 있는곳도 많구요
10월10일부터 휴관이래요
리모델링 멋지게 되면 좋겠네요^^"
320,미란다 스파플러스,,관리업체가 바뀐건지 할인은 안되고 더비싸졌는데 수질이나 청소.시설 노후가 심각하네요. 특히 야외수영장이 심각한 수준이네요...검은 물때가 떠다니고 물비린내가 심해요 ..실내풀은 물이 한군데빼곤 차서 오래놀기힘들었어요 .작년  이맘때 좋았어서 일부러 시간내서 예약한건데 다신 못오지 싶네요 ..아이들 물놀이원해서 가시는분들은 고민해보셔야 하겠어요 .사우나 시설도 관리가 안된다고 지역분들이 불만 많으시더라구요 ..관리인원도 부족한게 보이고 여러모로 총채적 난국입니다..가실분들 고민해보고 가세요 이가격이면 그냥 수영장 카페?이런곳을 가시는게 나을거 같아요
321,미란다 스파플러스,,"아이랑 가까운데로 마지막 물놀이 왔는데 음~~ 처음이자 마지막 일듯합니다. 
일부가 수질이 별로였던거 같아요. 저녁에 알러지 두드러기가 다 올라와서 ㅠㅠ "
322,미란다 스파플러스,,"안전요원도 꼭있고 시간마다 물에떠다니는 부유물들 건지러오고 관리 잘하고있는거같아요  근데 시설은 좀 노후됐어요 ㅎㅎㅎ 아이가 참좋아했어요  추우면 유아존에 따뜻하게감갔다 또놀고~

미끄럼틀도 종류별로꽤많고  공룡을 제일 좋아했어요 ^^"
323,미란다 스파플러스,,"너무 낡음
관리가 안되있는 느낌
파도풀은 고장나서 운행안함
야외4시/실내6시로 운영시간도 짧음

하나있는 매점도 위생이 그닥..
커피숍 아아도 맛이 그닥..
목욕탕도 관리안되어 있음
탕도 3분에 1정도만 사용!!
샤워기는 다 고장나서 물줄기가 형편없었음

@전체적으로 낡고 관리가 엉망
위생상태도 엉망
싹 뜯어 고치고 그랜드 오픈할꺼 같은  느낌을 받았음
"
324,미란다 스파플러스,,"물놀이장은 노후되었지만 아이와 놀이하기 괜찮아요.
그런데 카운터 직원의 고객 응대는 최악이었습니다. 락커 자리가 없어서 못들어가는거면 크게 말씀주시던지, 문구라도 적어놓던지. 하염없이 기다리기만 했습니다. 그리고 기다리면서 다른 고객들 응대하는거 많이 봤는데 표정도 말투도 너무 불친절하고 듣는 상대방도, 제3자까지 기분이 나빠질 정도였습니다. 직원 응대때문에 다시는 절대로 방문하고싶지 않습니다. 돈주고 기분만 상하고 돌아온거같네요."
325,미란다 스파플러스,,아이가 있고 캐릭터룸 숙박하는거면 스파플러스 50프로 할인받고 오면 좋을 것 같아요! 하지만 그냥 스파플러스만 오는건 좀 많이 아쉬울 것 같아요~
326,미란다 스파플러스,,수영장에 갔어요. 안전요원도  잘  되있고   놀기도 좋았는데 문제는 식사였어요.  돈가스 정식을 먹었는데  부실했어요.  테이블도  안 닦아 놓고  티슈도 없고   식사 서빙도 없고   실망스러웠습니다.   관계자들은 정신차리셔야할듯 
327,미란다 스파플러스,,너무 좋네요.  저렴하고 온천수 물이 너무 좋네요.
328,바하마수상레포츠,,웨이크서핑 처음배워보는데 친절하게 잘알려주셔서 잘배우고 갑니다 ^^ 
329,바하마수상레포츠,,"놀이기구 좀약해요 ㅎ
그래도잘놀다갑미다"
330,바하마수상레포츠,,"음~ 아무리 시즌이 끝나간다고 해도

광고에서 써둔 워터슬라이드? 없습니다.
놀이기구 많아보이죠? 4개에요. 플라이피쉬 없습니다.
시간 오후 7시까지라고 해뒀죠? 6시에 마감합니다.

그냥 가실분들은 몰라도 기대하고 가시는 분들이라면 취소하세요."
331,바하마수상레포츠,,"사람이 많지 않아서 재밌게 놀다왔어요~!
근데 워터파크에바람빠진곳도 여러개있었고.. 대형 미끄럼틀도 없었두..와일드플라이도 없었어요..
제가 갔을때 비성수기라 그랬는지....?
직원분들 다 착하십니다!!"
332,바하마수상레포츠,,솔직히 나만 오고싶어서 일부러 1점주거싶은데 사람이 또 그러면 안되니깐 5개 시스템이 잘 잡혀있어서 바로바로 타고 쉬는시간이 좀 아쉽지만 레스기릿
333,바하마수상레포츠,,늦게가서 1시간 놀았는데 사장님이 기구 오래동안 운행해 줘서 2~3식간 놀았던것보다 알차게 놀았습니다~!!!
334,바하마수상레포츠,,스피드짱 바하마
335,바하마수상레포츠,,"생각보다 많이 탈 수 있어서 좋았습니다^^ 그런데 테이블값, 수건대여료 따로받는건 아쉽네요"
336,바하마수상레포츠,,"유동성 잇게 대해 주셔서
여러개 탈수잇엇어요"
337,바하마수상레포츠,,"저번주에 다른업체를 이용했고, 이번주엔 바하마를 이용했는데..솔직히 좀 실망스럽네요.. 
입장료외에 테이블을 이용하려면 사용료를 받습니다.. 제일 작은 동그란식탁 이용료가 1만5천원입니다. 
그리고 옆에 커다란 테이블도 있는데 그건 가격을 모르겠습니다.. 
돈을 받는게 잘못된건 아닙니다...그건 업체마다 룰이고 뭐 그럴수 있다라고 생각합니다..
근데.. 우리옆에 테이블 저희 테이블 돈내고 앉았습니다.. 좀있다가 뒤에 단체가 왔는데 그냥 큰 테이블 돈 안내고 앉아서 쓰네요?
옆에도 봤더니 다른테이블도 돈 안내고 쓰데요?..  
돈을 받는건 업체마음이지만..받을려면 제대로 다 받던가 아니면 다 공짜로 하던가..누군 받고 누군 안받고.. 
돈내고 테이블 이용한 사람만 호구입니다."
338,배다골테마파크수영장,,"캠핑시 가장 부피가 크다고 할수있는
텐트.테이블.의자가 무료대여라는 가장 큰 이점이 있음
이벤트 중이어서 인스타.카톡 등록하면 음료쿠폰을 주시는데
현장음료 아무거나 먹을수 있어 개이득임 ㅋㅋ
인당 만원이긴 하지만 인근 타 캠크닉장소에 비해
굉장히 저렴한 가격임
조금 낙후되었다고 느낄수 있지만 컨셉이 시골감성이라
그정도는 충분히 감안할수 있다고 봄
고기한판 구어먹고 소소하게 구경거리가 있음
아이들이 좋아하는 모래놀이, 레고놀이가 있고
알파카, 토끼, 잉어가 있어서 소소한 눈요기 가능함
날이 조금 더 따뜻해지면 준비 잘해서 재방문 예정임 "
339,배다골테마파크수영장,,"가성비좋고,텐트 테이블 의자 무료대여 음식싸서갈수있고,아이들체험할것도 많아서.넘좋아요
여름에도올거예요~수영장시설이좋더라구요^^"
340,배다골테마파크수영장,,"썰매타러갔는데 즐길거리많아서 이것저것 체험 많이하고 왔어요 썰매도 재밌게탔어요 안전관리원도 많이 배치 하셔서 안전하게 썰매탔어요
빙어잡기 물고기구경 솜타상 만들기 했는데 아이가 너무 좋아했네요 ^^"
341,배다골테마파크수영장,,"아이가 체험할 거리가 많아요
낡긴 했는데 캠핑장비도 입장료에 포함이라 좋습니다~
체험은 물고기 잡기 딸기따기 피자만들기 등등
추가요금 있지만 한 곳에서 하는 것도 좋고
수영장 자리에서 자전거 등 탈 수 있는데
거의 고장난 거지만 아이들은 엄청 잘 놀더라구요"
342,배다골테마파크수영장,,"아이와 가서 딸기아이스크림만들기체험
등등하구옴
캠핑하러온사람이 많은가같은데
관리가 잘안되구있는느낌이드는곳이었습니다ㅠㅠ"
343,배다골테마파크수영장,,"너무 좋아요~왜 이제서야 알게된건지ㅠㅠ
조금 더 빨리 알았더라면 더 자주 갔을거예요~
정말 최고예요^^ 다음주에 또 갈거예요^^♡♡♡♡"
344,배다골테마파크수영장,,"비용 부담없이 어린 아이들과 주말을 보내기
참 좋은 것 같아요!  다만, 캠핑시 필요한
것들이나 대여 가능한 품목에 대한 좀 더
자세한 설명과 '배다골' 검색시 캠핑 관련
 공지가  바로 눈에 띈다면 이용하기 더
편리할 것 같습니다. 오늘도 버너가
있는데 무료대여로 잘못 알고 오신 분의
탄성을 들었습니다."
345,배다골테마파크수영장,,"겨울에 아이랑 가기 딱 좋은 곳♡

주말에 아이랑 눈썰매타러 놀러 왔어요
피자만들기 체험하면서 점심도 맛있게 먹고
공놀이랑 모래놀이까지 알차게 보냈네요!!

아이가 집에 돌아오는 길에 더 놀자며 아쉬워했어요
다음번에는 다른체험 하러 또 놀러가려고요~~"
346,배다골테마파크수영장,,"서울근교에서 캠핑 느낌 낼수 있어 좋습니다.
올 설에 가족들과 좋은 시간 보내고 왔습니다."
347,배다골테마파크수영장,,"영유아 아이들과 나들이겸 첫 방문기 입니다.
비성수기라 9시30분 도착해서 30분대기후 바로 5번째정도로 입장했어요! 성수기땐 어떨지 모르겠지만 원하는 텐트에 자리 잡았고 다들 중요시 여기부분이 어떤거에 따라 명당이 될것 같아요! 그리고 오전. 오후 햇빛 위치가 달라져서 저희 애들 낮잠땐 텐트 안이 덥더라고요.... 미니 선풍기 필수로 챙겨야해요!  아이스박스도 물론이고요.
체험할거 많긴한데 다 하기엔 힘들고요. ㅋㅋㅋ 애들이 좋아하는 아이스크림 만들기가 시원하고 맛나고 좋았답니다. 단지 퇴장시간이 5시라는게 아쉬워요.... 대여물품은 4시까지 반납이고요. 너무 순삭이었어요"
348,보성비봉마리나,,굿
349,보성비봉마리나,,브릿지온  다녀왔습니다 .  친절하시고 뷰 좋고  마감 직전에 가서 그런진 모르겠지만 조용하고 좋았어요
350,보성비봉마리나,,"다양한어종을 만날 수 있어요
아이도 좋아해요"
351,보성비봉마리나,,득량 낚시공원카페  파란지붕이예쁘고  낚시체험도할수있고 바다뷰도완전 좋아요 출출하면라면도먹을수있구요~~^^ 또오고싶어요 
352,보성비봉마리나,,아이와 재밌는 추억이 생겼어요
353,보성비봉마리나,,바다위 카페~~^^뷰가 진짜 좋아요~~^^
354,보성비봉마리나,,"득량만 낚시공원 안에 있는 카페 브릿지 온에 간 건데요
뷰는 정말 좋습니다
창 밖으로 바다가 쫘악 펼쳐져 있어서...
그런데 커피 맛이 그닥이예요 ㅠㅠ"
355,보성비봉마리나,,좋아요~♡♡♡
356,보성비봉마리나,,주소가 비봉마리나만 뜨는데 마리나 금방의 다리 위 카페예요! 바다위에 떠 있는 느낌에 360도 바다뷰라 앉아 있는 것만으로도 힐링입니다! 미숫가루가 참 맛있는 곳이라는데 식사 후 바로 방문해서 배불러서 맛을 못 봤어요ㅠㅠ 인테리어도 깔끔하니 sns용 감성 인테리어로 정말 예뻐요! 홍보가 덜 된 것 같아 너무 아쉬운 곳이였어요! 날씨가 춥든 덥든 바다를 한껏 느낄 수 있는 카페입니다! 밖에서 조명이 잘 안 보일 수 있는데 오픈한거니 걱정말고 방문해서 바다뷰에 커피 한 잔 해보세요!
357,봉재낚시터,,굿
358,봉재낚시터,,굿
359,봉재낚시터,,"추워요~~~~
물고기들이 죄다 어디있을까요?"
360,봉재낚시터,,"방가로 가격도 저렴하고
큰 고기들이 많이 잡혀요"
361,봉재낚시터,,가족끼리 나들이 하기좋아요
362,봉재낚시터,,굿
363,봉재낚시터,,친절해요
364,봉재낚시터,,굿
365,봉재낚시터,,굿
366,봉재낚시터,,ᆞ
367,부산요트투어 3355마린,,"바람도 시원하고 야경은 반짝반짝하니 정말 최고였어요.
불꽃놀이도 이쁘고 요트투어하면서 감탄사밖에 안나온것같아요! 정말 잘 즐기다 왔습니다 👍🏻"
368,부산요트투어 3355마린,,요트야놀자 선장 여자한테 개껄떡댐
369,부산요트투어 3355마린,,"작년에 탔을때 너무 좋았어서,,!
어머니랑 어머니손님들 태워드렸는데 여행의
피곤함까지 잊어버릴만큼 재밌었다고 고마워하셨어요 ,,! 진짜 강추 ,! 부산 여행간다하몈 무조건
추천합니다! 안내 해주시는 분도 친절하셨데용 ㅋㅋ좋은 추억 만들어 주셔서 감사해요~"
370,부산요트투어 3355마린,,예약시간에 좀 늦었는데도 웃으면서 괜찮다하셔서 넘 좋았어요. 차가 많이 막히니 여유있게 가셔야합니당!! 한시간 최고의 서비스로 돈 아깝지 않게 잘 이용한거같아요 담에도 또 이용하고싶어요
371,부산요트투어 3355마린,,난생 처음 타본 요트! 가성비 좋았구요 친절한 안내도 좋았구요 사진도 잘 찍어주셔서 감사했구요  드론쇼도  음악도 낭만을 느끼기에 충분했습니다. 다음에 또 이용하고 싶네요~~^^
372,부산요트투어 3355마린,,"토요일 7:30분 요트 예약해서 5인 가족 다녀왔습니다. 주차도 할만했고 주신 안내대로 찾아가기도 어렵지 않았어요.
맘카페 추천으로 이용했는데 직원분들 정말 친절하셨고, 음악, 불꽃놀이, 비누방울 이벤트 기타 시설과 모든 것 아주 좋았습니다! 업체 칭찬드려요!
토요일은 8시 드론쑈가 정말 환상적이었습니다. 사랑하는 사람들과 특별한 시간 보낼 수 있어서 정말정말 오래 기억에 남을거 같아요.
꼭 추천합니다!"
373,부산요트투어 3355마린,,"최악입니다. 가지마세요.
안내도 없이,자기,소유 요트 운행안하고,다른 협업 요트에 보내버립니다."
374,부산요트투어 3355마린,,"12일 7시에 출발하는 걸로 다녀왔는데 처음에 두근두근 하면서 올라타서 이동하는데 너무너무 친절하시고 다정하게 손님들을 대해주시는 모습이 너무 좋았습니다❤️❤️ 갑자기 비가 많이 와버려서 밖에서 사진을 남기진 못하였지만 그래도 그 나름데로 
좋은 추억이였던것 같습니다! 다음에 또 광안리에 가게 된다면 아침에도 타고 밤에도 타고 싶네요~
행복했습니다🤗❤️❤️ "
375,부산요트투어 3355마린,,부산 거주 시절에 도대체 요트 왜 타는거야 볼께있나 ...했는데 타고나니까 요트 왜 안타 ???가 되어버렸습니다 ..!! 타  업체랑 고민안할수가 없었는데 진짜 또가도 여기 갈꺼에요 선장님 유쾌하신건 기본이고 !!! 사진작가 아니신가요 (부끄러워서 못올림) .... 폭죽도 진짜 타업체에 비해 엄청 많이 쏴주시고 담요도다 챙겨주시고 노래선곡까지 기가막혔습니당 진짜 고민하지 마시고  여기가세요 !! 진짜 강강ㄱ강추 
376,부산요트투어 3355마린,,야경 정말 멋지고 가족들이나 연인들도 후회없는 추억 남길수 있습니다~^^
377,북한산천연옥워터파크,,취사가 가능한 수영장이예요.올해 벌써 3번째방문.너무좋아요.주말엔 다들 오픈런한다고 해서 평일에만 갔어요.집에있는 음식 바리바리 싸들고 가서 다 해먹을수 있지요.단! 쓰레기는 집으로 턴.가끔 몰상식한 사람들도 있어여.몰래 버리고가는.유리병안되고 음.쓰는 버릴수 있어여.어른들 놀기에도 좋고 애기들 놀기에도 넓고 따봉
378,북한산천연옥워터파크,,"아이들 데리고 가기좋음
수질관리가 최고임
취사도 되서 좋음
고기굽기짱. 무조건 고기굽기준비하고가야함
모든테이블 거의 고기먹음
안가져가면 서러움ㅋㅋ
물론 여기서 고기불판 대여나 고기사먹기도 가능
콘센트있는 평상은 이동식에어컨 이나 
에어프라이기 가져오신분도 계셨음
대박!! 다음엔 나도..?! ㅎㅎㅎㅎ🥰🤣🤣
미끄럼틀이나 그런건 없지만
물이 레알 너무 깨끗해서
아이들 데리고 자주 가규싶은곳
쥬머니가 가벼워지고있다아..."
379,북한산천연옥워터파크,,"말로만 듣던 북한산 천연옥에 다녀왔어요~
아침7시30분에 도착했는데 제앞에 30팀정도
기다리고 계셨어요~ 주말이라 사람들이
어마무시 했지만!
수영장 안 이 워낙 넓어서 붐비지 않고
좋았습니다~~
특히 물이 너무 깨끗하고, 곳곳에 쓰레기도없고
관리가 정말 잘되있더라구요 😲 
직원분들도 너무 친절하시고~
남편,아들과 신나게 즐기다 왔습니당 ❤️ 🤍 
조만간 또 갈꺼에용  😎 
완죤 추천 따봉 👍 😍  🙌 ✨️ 
"
380,북한산천연옥워터파크,,"아...진심,  아이랑함께하기너무좋은시간이었어요!  오전에는 물이 차갑다느껴졌긴한데, 체온유지실있어서 걱정없이놀고나와서 체온올려주고  세돌아기인데 문제없이놀았어요:)  준비물도 최소로했는데,  버너부터  불판,  고기까지  북한산수영장  북한산천연옥워터파크에서 쉽게  대여하고 사먹을수있어서 편리했고, 아이스박스없으면  공용냉장고도있어서 진짜좋았던것같아요!!  고기먹고 산뷰보면서 수영하고놀고   라면먹을랬는데ㅠㅠ 아들이 계속 호출해서..ㅎㅎ커피사서마셨는데  라면못먹은아쉬움이있었지만,   커피도 맛있었고 이 시간들이 너무좋았어요:)
물깨끗하고 전체적으로  깔끔했고. 관리가진짜잘되는 느낌이예요!  시간되면 또 재방문하려구용☺️
아, 주차는 주차요원아저씨께서 친절히안내해주셨고, 입구앞쪽에 짐먼저내려놓고  주차했어용"
381,북한산천연옥워터파크,,"물이 엄청 깨끗하구 샤워장, 화장실도 사용하기에 불편하지 않을 정도로 적당히 잘 구축되어 있어서 가족들이랑도, 친구들이랑도 여름이면 자연스럽게 찾게 되는 곳이에요!
주말에는 방문이 많이 힘들겠지만, 평일에는 딱 오픈런 했을 때 원하는 자리 쪽으로 여유롭게 맡을 수 있었습니다 🏄🏻‍♀️"
382,북한산천연옥워터파크,,"물이 깨끗하고 관리가 잘되어있어요.
금요일 기준 아침 8시30분에 갔는데 3번째팀이였어요.
그 덕분에 원하는 자리로 수월하게 자리 잡을 수 있었구요.
직원분 말씀 들어보니 지난주 토요일엔 8시에 30팀 있었다고 하네요.
주말은 오픈런 필수인 듯 합니다.. 일행 한분만 먼저와서 자리잡으면 된다구하구요~
아직은 물이 차가워서 들어가는데 큰맘 먹고 들어가야 하지만 체온유지실도 있고 샤워실 화장실도 깔끔해요 :D
매점도 왠만한거 다 있어서 좋네요.
손님용 큰 냉장고 있어서 거기에 음식보관했고
불판, 부르스타 빌려 라면도 먹고 고기도 구워먹었네요.
안전가드분들도 딴짓 절대 안하고 사람들 잘 살펴보시고 
모자안쓰거나 하면 바로바로 잡아내시더라구요~
처음 간거였는데 너무 만족해서 내년에 또 재방문 할 계획입니다~~ㅎㅎ."
383,북한산천연옥워터파크,,"아이들 방학하기 전에 다녀 왔었어요. 평일에 갔는데도 주차장 만차였고 사람들도 젊은 대학생들 단체로 오고, 가족 들도 나이드신 분들도 많이 오시고, 아이들도 많이와서 나이대가 어느 한 곳으로  편중되어 있지 않았어요 "
384,북한산천연옥워터파크,,"집 근처에 이런 곳이 있다니ㅠㅠ 진짜 너무너무너무 좋아요! 물도 깨끗하고 깊이도 깊어서 놀기 딱 좋아요,, 무엇보다 취사가 가능하다는 가장 큰 장점이 있고 산보면서 수영하니까 여기가 천국입니다.. 여러명이서 방문하면 더 재밌을 것 같고 오픈런 할 가치도 있습니당!"
385,북한산천연옥워터파크,,"휴일이라 사람이 많았지만 라이프 가드 분들도 엄격하게 관리 하시고 물도 수심이 다양해서 좋더라고요^^
"
386,북한산천연옥워터파크,,"작년보다 더 좋아진 북한산천연옥워터파크, 물 넘 깨끗해서 아이데리고 오기 좋아요. 아침 오픈시간 맞춰왔더니 여유롭게 놀기 좋아요! 유아풀 성인풀 따론데 공간 넓고요, 성인풀은 깊이가 꽤 되서 수영할맛 나요~취사되서 젤좋고 안전관리도 잘해주시고, 체온유지실까지 생겨 좋습니다. "
387,빠지에빠지다수상레저,,"사람 많긴한데 직원분들 친절하셨어요 !!
무제한 끊고 9시부터 5시까지 제대로 즐겼습니다 !! 기다리는 시간은 5분이면 금방 타고 직원분들이 안전에 민감하셔서 안전적인 문제에는 바로 잡아주셔서 엄청 안전했던것 같아요
제가 수영을 못하는데 직원분이 구해주셨어요!!

저는 재방문 의사 무조건 있고 숙소 컨디션도 엄청 좋있어요

엄청 만족하고 갔습니다 다음달 중순쯤에 또 갈 것 같아요🙃"
388,빠지에빠지다수상레저,,"오늘도 미쳤습니다 항상 방문하는 곳 입니다.
우선 직원분들 넘나 친절 허시구 넘 좋아요~~❤️❤️
놀이기구 기다리는 시간들두 다른 빠지들이랑 다르게 엄청 빨리빨리 길게 태워주세용 빠지에 빠지다추천합니다😁😁😁"
389,빠지에빠지다수상레저,,"직원분들 다 친절하셔서 너무 좋았어용
놀이기구 탈때 많이 무섭냐니까 씨익 웃으신 핸썸 직원분.. 덕에 재밌게 많이 탔어용
무제한 끊고 9시 오픈부터 3시까지 놀았는데 진짜 너무 재밌게 놀다 왔어요
위험할 수 있는 몇몇개는 직원분 동행 외에는 못하게 되어있아서 안전 관리는 체고입니다..
내년 여름에 또 갈게요ㅠㅠㅠㅠ
아 근데 진짜 그 직ㅇ원분 자꾸 생각나요
핸썸큐티셨어요.."
390,빠지에빠지다수상레저,,또왔어요 진짜 빠지는 너무 좋아요 재방문 10번째인대 이번 시즌에만 직원분들 친절하고 놀이기구도 다른 빠지와 다르게 재미있게 끌어주십니다 저는 항상 빠지에빠지다 밖에 안가요
391,빠지에빠지다수상레저,,"놀이기구 다 타고 밖으로 나갈때 물속으로
빨리 빠져서 나오라고 하시면서 본인 힘든 부분을 저희에게
되려 화를 내시며 욕을 하셨습니다. 기분이 매우 상하네요. 나름 비싼 돈 주고 패키지로 왔는데 긴시간동안 놀이기구 3개정도 탔어요 다음에는 조금 더 안전하고 잘 갖춰진 곳으로 갈 예정입니다"
392,빠지에빠지다수상레저,,"나름 비싼돈 주고 가서 놀이기구 무제한으로 추가 결정도 했는데 놀이기구 3개밖에 못탔네요
도착해서 구명조끼도 부족해서 30분정도 기다리느라 제대로 놀지도 못했습니다
다른분들은 괜찮은데 핑크 나시입으신분 ..ㅋㅋ
놀이기구 타고 내리는데 물로 빠져서 내리라고 소리지르고 물이 깊어 못간다고 하니까 저희한테 쌍욕하시고 이게 맞나요 ? 지 맘에 안든다고 손님한테 쌍욕 갈기는게 ?
장거리 펜션은 먼저 출발한다고 사전 고지도 없었는데 놀이기구 줄서고있다가 갑자기 출발한대서 얼레벌레 나왔어요
서비스가 진짜 최악이라 다신 안갈것같습니다
"
393,빠지에빠지다수상레저,,"너무 별로에요. 사람 많아서 일하시는분들 짜증 엄청 내고 특히 핑크색조끼 입은 뚱뚱한 남자분은 욕도하고 솔직히 돈값 진짜 못하구요. 
무제한이라고 써져잇어서 늦게까지 타려고했는데
5시쯤 갑자기 연동되어있는 숙소로 가셔야하는 분들은 나오라면서 억지로 숙소로 갔네요; 
그랬으면 무제한으로 안했을텐데 사전 고지도 없었구요. 
그리고 진짜 핑크색 조끼 입으신 뚱뚱한 남자분은 자기가 힘들다고 맘대로 안되면 계속 욕하시구요;
구명조끼도 미리 준비되어있는게 없어서 진짜 기다렸어요. 그시간에 차라리 하나를 더 탈껄싶네요. 
1인당 12-13만원으로 차라리 호캉스하세요

다신 안갈것같습니다. "
394,빠지에빠지다수상레저,,좋아요 정말 최고의 빠지였어요 직원분들도 친절해여
395,빠지에빠지다수상레저,,정말 좋아요 사랑해요 빠지에빠지다 밖에 없어요 빠지는 빠지에 빠지다 1등 수상레저 같아오 ^^
396,빠지에빠지다수상레저,,너무 불친절해요. 비싼 돈 주고 기분 상하고 싶으신 분들은 가세요. 그리고 여자 사장님은 그렇게 장사하지 마세요.
397,삼막곡낚시터,,좋아요 
398,삼막곡낚시터,,좋아요 
399,삼막곡낚시터,,좋아요 
400,삼막곡낚시터,,좋아요 
401,삼막곡낚시터,,좋아요 
402,삼막곡낚시터,,좋아요 
403,삼막곡낚시터,,좋아요 
404,삼막곡낚시터,,좋아요 
405,삼막곡낚시터,,좋아요 
406,삼막곡낚시터,,좋아요 
407,삼인낚시터,,
408,삼인낚시터,,루어낚시 만원에 저렴하고 좋은데요.. 실력있으면 배스가 잡히네요ㅋㅋ저는 꽁쳤지만ㅜㅜ
409,삼인낚시터,,굿
410,삼인낚시터,,좋아요
411,삼인낚시터,,전기장판시설도 되어있어서 안추웠어요
412,상덕낚시터,,ㅁ갈끔하고 많이 잡히고 굿
413,상덕낚시터,,손맛터 최고에요 여기서 못잦으면 낚시 접으셔야하
414,상덕낚시터,,여기 알고 다른데 안감요
415,상덕낚시터,,친절
416,상덕낚시터,,좋아요 
417,상덕낚시터,,좋아요
418,상상낚시터,,"낚시는 하고싶은데 아무런 장비가 없어서 아쉬워 하
던 찰나에 상상낚시터를 알게 되었습니다!! 낚시 장비
부터 미끼까지 다 주시고 낚시하는법도 친절하..."
419,상상낚시터,,"낚시는 하고싶은데 채비할 엄두가 안나서 한 번 방문
해봤어요! 생각보다 시설도 잘되어있고 사장님께서 
엄청 친절하셨어요! 미끼다는방법부터 하나하..."
420,상상낚시터,,"거제 상상 낚시터 고기는 못 잡지만 바람 쐬기 좋아요.
멀미는 안 납니다."
421,상상낚시터,,"이제 막 낚시 시작한 낚린이 인데 낚시터 찾다가 여기
가 젤 괜찮아보여서 바로 예약하고 다녀왔어요 ㅎㅎ 
여기 고기도 많고 초보자인데도 잘 잡혀서 낚..."
422,상상낚시터,,"낚시에 관심도 없었는데 요즘 낚시체험하고 너무 재
밋어 방문했어요! 솔직히 배낚시도 하고 싶었는데,, 
배멀미 걱정되어 엄두도 안나네요😭 이번 낚..."
423,상상낚시터,,"아이가 낚시하고 싶다고 해서 찾아갔었는데 하루종일
정말 재밌게 있다가 왔습니다~ 화장실이 조금 불편
했지만 충분히 만족스러운 낚시터였습니다!"
424,상상낚시터,,"아이가 낚시 체험 하고 싶어해서 예약하고 방문했어
요 물고기 한마리 밖에못잡았지만 아이가 잡은거라 
정말 다행이었습니다 ㅋ  친절하십니다 날씨 ..."
425,상상낚시터,,"멀미 하시는 분들은 멀미약이 필수일 거 같습니다..!
멀미해서 낚시를 많이 하지는 못했지만 주변 풍경보면서 물멍도 하고 좋은 시간 보냈습니다:)"
426,상상낚시터,,"n번째 방문한 곳
시간 가는 줄 모르는 곳
재밌어요 👍"
427,상상낚시터,,
428,서귀포홍리실내수영장,,8월부터 4개월째 강습을 받고 있고 강사님들 대부분 친절하시고 체계적으로 잘 가르쳐주세요. 다만 강사님 스케쥴이 임시로 변경이 되는 경우 미리 고지해주셨으면 합니다. 밴드에서도 공지를 못본것 같네요. 오늘 대타로 오신 선수부 강사님의 불친절하고 취조하는듯한 말투에 너무 당황스러워 수영을 중도에 포기하고 나왔습니다. 다른 수강생들에게 민폐가 될까 우려되어 대응을 안하고 조용히 나왔지만. 이런 경우는 처음이라 리뷰를 남깁니다. 개선해주셨으면 합니다:)
429,서귀포홍리실내수영장,,"선생님들이 친절하시고 잘 가르쳐주셔서
감사했습니다 🙏🏻

아이들이 여름방학동안 
너무 즐겁게 수영강습받았습니다 👧🏻👧🏻

제주 수영강습은 홍리실내수영장을 적극 추천합니다"
430,서귀포홍리실내수영장,,"초급반 부터 상급반까지 여러 강사님들께 강습을 배울수 있는 기회가 있어 너무 좋습니다. 부족한 영법은 디테일하게 지도받고 있는데, 육지와는 정말강습 퀄리티가 다릅니다. 아시다시피 육지에서는 전혀 잡아주지 ㅋ 않거든요~
너무 만족하며 다니고 있습니다^^"
431,서귀포홍리실내수영장,,"웬만하면 이런 글 안적는데요. 여자 강**씨 너무 불친절해요. 본인보다 한참 어른이신 분들한테도 반말 찍찍하고 반말을 떠나 말투 자체도 기분 나빠요.
항의 전화 할까 하다가 괜히 환불 받고 싶어서 트집 잡는 진상 취급 할거 같아서 여기에라도 씁니다. 일하기 싫은거면 그만두던지 아님 태도 고치세요"
432,서귀포홍리실내수영장,,위치가 살짝 아쉽지만 진도 쑥쑥 나가서 좋은 것 같아요!
433,서귀포홍리실내수영장,,좋아요
434,서귀포홍리실내수영장,,아이들 수영 잘 가르쳐주십니다
435,서귀포홍리실내수영장,,선생님들 모두 친절하세요~! 
436,서귀포홍리실내수영장,,선생님들 모두 친절해요^^^^
437,서귀포홍리실내수영장,,좋아요~~^^
438,서대문문화체육회관 실내수영장,,수영장 강습 등록해서 다니고 있어요. 가격이 매우 저렴해서 좋아요. 근데 오래 다니다 보니 슬슬 불만이 생기네요 ㅠ 강사샘이 부족해서 한 분당 너무 여러 레인을 담당해서인지 강습이 단순해서 재미가 없어요 ㅠㅠ 조금 더 비싼 사설수영장을 가서라도 재미를 찾아야 하나 고민되네요 ㅠㅠ
439,서대문문화체육회관 실내수영장,,서대문문화체육회관에서 수영 강습 받는데 가격 저렴하고 샤워시설 좋아요 :)
440,서대문문화체육회관 실내수영장,,"서대문체육센터 수영장 가격 저렴하고
시설깨끗하고 너무 좋습니다
시간표 추가합니다"
441,서대문문화체육회관 실내수영장,,시설 무난하고 가격 착해서 잘 다니고 있습니다 :)
442,서대문문화체육회관 실내수영장,,"수영처럼 좋은 운동을 저렴한 가격에 할 수 있어 좋아요. 주 2회 화목반 성인 26000원이라는 좋은 가격에 이용 중입니다. 65세 이상이나 유공자 등은 더 할인도 되고요. 다만 사설 수영장보다는 강사 한명당 수강생이 많은 편이라 세세한 지도 면에서는 좀 아쉬움도 있네요.
"
443,서대문문화체육회관 실내수영장,,저렴하지만 쾌적합니다 
444,서대문문화체육회관 실내수영장,,굿
445,서대문문화체육회관 실내수영장,,좋아요
446,서대문문화체육회관 실내수영장,,굿
447,서대문문화체육회관 실내수영장,,수영장 가격이 매우 저렴한 편이라 좋아요 :)
448,서핑라이더 분당점,,"아이에게 정말 좋은경험이였어요^^~~
강사님도 너무너무너무너무 친절하시구
디테일하게 잘가르쳐주셔서 
진짜 최고였습니다!!!^^♡~~~
무조건 다음 강습예약입니다^^~~"
449,서핑라이더 분당점,,"이색적인 데이트를 위해 방문한 서핑라이더!
강사님께서 매우 친절하게 알려주신 덕분에 단계별로 차근차근 재미있게 배웠어요! 서핑 강습 및 깨끗한 시설 덕분에 즐거운 하루 보냈어요ㅎㅎ 감사합니다~ 
+ 참고사항
1. 배고프지 않게 뭐 먹고 가기(근처 gs25있음)
2. 복장은 긴팔 래쉬가드 보다는 반팔,반바지 추천(긴옷은 쓸리면 아픔ㅠ)
3. 개인 수건 꼭 가져가기"
450,서핑라이더 분당점,,한시간 강습받고 잘 탔어요^^
451,서핑라이더 분당점,,뭐 언제나 즐겁죠. 
452,서핑라이더 분당점,,"어...진짜 잘가르쳐주세요!
선생님 고수의 느낌!!!
완전 처음이라 어리둥절했는데 
어찌저찌 잘 배우고 있더라구요 ㅋㅋㅋ 
취미 하나 갖고싶어서 
새해에 바로 예약한건데 잘한거같아요!
아래 리뷰에 반팔입고 수건챙기라고 해주신분 복 받으세요!!! 샤워실에 바디워시랑 샴푸있어요😄"
453,서핑라이더 분당점,,강사님이 너무 자세히 알려 주시고 시설 도 좋아요
454,서핑라이더 분당점,,"이곳저곳 다른 서핑장 이용해 봤는데
서핑 라이더가 가장 쾌적했네요
쾌적해서 그런지 다른 서핑장에 비해
연습할 시간도 충분하고
강사님들도 그렇고 서핑장에서 타시는 분들도
다 친절하게 알려주셔서 너무 만족했습니다🫶"
455,서핑라이더 분당점,,"여기 ㄹㅇ 트릭맛집입니다..
딴데서 안되던거 강사님들이 도와주셔서 킥플립 잡았어요ㅠㅠㅠ 사장님도 되게 친절하시고 영상도 찍어주시는데 서핑타기 좋은 환경이네요😎"
456,서핑라이더 분당점,,"다른 곳에서도 서핑 한두번씩 해봤지만 분당에 오면서부터 완전 흥미붙여서 월권 끊어서 다니고 있어용😚
수도권이라 동선도 좋고, 사장님도 친절하시고, 시설도 편리하고, 같이 타는 다른 분들이 잘 알려주셔서 실력도 쑥쑥 늘더라구요~~
매일 서핑 타니 살 찔 틈도 없고 따로 다른 운동 못하고 있는데도 근육이 많이 늘었어요!🔥🔥
서핑 평생 탈거니까 지금처럼 오래오래 이 자리에 그대로 있어주셔야 해욥!!!🫶🏻🫶🏻🫶🏻"
457,서핑라이더 분당점,,"분당서핑라이더가 좋은이유
주차 엄청 넓구 편함
주차하구 탈의실까지 10발자국 크록스슬리퍼대여해줌 다른서핑장과 달리 인원제한잇어서 쾌적하게 적당한인원으로 시간내 즐길수있음
물살이 너무강하거나 약하지않아 초중고수 다 적절함
뒷쪽 팬스까지 길이가 가장여유있어 꽈당후 쓸려나가도 안전함
중급자가 많아 이것저것 트릭배우기 용이함
수도권과 거리가 가까워 어디서든 접근용이함
기타 다른스포츠들과 다르다고 생각하는데 초반에 진입하기까지가 어렵지 그이후는 노력한만큼 성과잇음
한두번으로 이용해보고 느끼는 재미보다 길게 오래타봐야 이스포츠에 재미를 알수있음 코어운동 허벅지운동 유산소 엄청되고 이것만열심히타도 엉덩이 허벅지 코어 근육은 안해도 알아서 만들어짐 그리고 물스포츠가 모두그렇듯 이것도 하드한유산소 스포츠임 해보세요 개꿀잼"
458,선두바다낚시터,,"친구들이랑 잘 놀다가 갔어요. 비싸기는 하지만 비슷한 서비스인 다른 낚시터도 매한가지에요. 좋은 추억 쌓아서 아주 만족해요. 사장님이 수심 2~3m로, 앞으로 너무 멀리 던지지 말라고 조언해주었어요. 대여한 낚시대 실이 엉키거나 끊어지면 무료로 교환해줘요. 하지만 찌를 잃어버리면 만 원을 내야 하니 잃어버리지 않도록 주의하세요. 군인이랑 같이 갔더니 서비스로 물고기 몇 마리 받았어요."
459,선두바다낚시터,,"어린이방갈로, 일반방갈로도 있고 낚싯대 던져놓고 생각하기도 좋고. 고기없다 싶으면 고기 풀어주고..한번씩 모인 고기 보트로 흩어주고..
방갈로서는 고기구워먹기도 좋고.
잡은 고기는 회도 떠주고.
간단한 식당있어 끼니해결도 되고~~"
460,선두바다낚시터,,"규모는 크지 않지만 직원분들이 계속 돌아다니면서 관리 및 안내 해주시고, 가격도 합리적입니다."
461,선두바다낚시터,,또 방문하겠습니다~^^
462,선두바다낚시터,,굿
463,선두바다낚시터,,"선두바다낚시터입니다.
장점으로는 복층 방갈로가있고 방갈로 테이블은 비가오는 날에도 식사를 할수 있는 윗 가림막이 되어있어 정말 좋아요
반려견과 함께 방문할수도 있어 좋습니다.
단점으로는 방류량이 타 낚시터 대비 너무 적어요
낚시대 1개당 1마리 잡으면 준수합니다.
입질 한번 못받았다는 다른분들 리뷰를 무시하지 말았어야 했네요.ㅠ
전 함께방문한 3인 모두 한마리도 못잡았어요
방갈로까지 30만원내고 12시간 낚시하면서 고패질계속하고 수심 낚시대별로 1미터씩 바꿔가며 쉬지않고했는데 한마리도 못집았네요
이날 운이 없거나 제가 낚시를 정말 못하는거겠죠...
힐링하러 가시는 분들께는 추천
손맛보러 가시는 분께는 비추천입니다.
직원분들은 잡게 해주시려고 노력많이 해주십니다~~
하지만 손님대비 방류량 확인한다면....."
464,선두바다낚시터,,"비 오는 날인데 바베큐도 가능한 천장가림막 시설도 잘되어있고 방갈로 에어컨도 빵빵하고 직원분들도 친절하시고 즐거운 시간 보내고 옵니다^^ 

아쉬웠던점은 바닥 미장이 고르지않아 빗물 배수가 안되 오염수가 많이 고여있어서 굉장히 찝찝했고,회뜨는곳 8시오픈이래서 시간맞춰 퇴실계획짜고 살림망사서 물고기 일부러 살려서 움직였는데  시간다되서가니 9시에 나오신대서 물고기 손질에 차질이 생겨서 낚시끝내고 나오는데 기분이 상했네요 ㅠ.. 
(가두리 앞 방갈로였는데 양사이드에서 크로스캐스팅을 해대서 요건 개인 심적으로 불편.. )

그래도 재방문할 의사가 있는 곳, 잘 놀다갑니다😊"
465,선두바다낚시터,,"직원분들 다 친절하시고
시설이 깨끗하고 방류많이해서 잘잡혀요:)
"
466,선두바다낚시터,,
467,선두바다낚시터,,"세명이서 12시간 했습니다
겨우 작은거 한마리 잡았네요
저희만그런가 싶었는데
옆 방갈로도 한마리도 못잡았다고 그러네요
낚시 처음 한 것도 아닌데
이렇게 까지 입질 없는 경우는 처음이네요

예약시스템도 아니라서  새벽같이 출발하고
두시간 대기했는데
너무 실망했습니다

냉장고는 음식물 국물 굳어있고..

다신 안갈것같네요"
468,선재바다낚시공원,,시설도 정말 좋아요! 특히 복층 방갈로 아이들고ㅏ 가기 너무 좋았어요~ 안에 신발장이 없는게 그게 좀 아쉽더라구요~ 비가 오거나 그럼 불편하겠다 싶었어요
469,선재바다낚시공원,,13시간째 꽝이지만 중독처럼 자꾸 오게 되는곳
470,선재바다낚시공원,,"예전이랑 사뭇 달라진모습..
오랜만에 겨울낚시 와보는데 제대로 입질도 못받고갑니다^^
"
471,선재바다낚시공원,,여자화장실앞에 비가와서 그런지 한강이라 사용하기 불편 설겆이 및 세척시설이 다른 부대시설에 비해 하수준 이다 방가로 안에서 취사를 못하게 햇으면 비가 오는 날엔 대책을 세워 주던가 해야지 조은 낚시터 인거 같은데 미흡하고 부족햇다.
472,선재바다낚시공원,,"선재바다낚시공원 초보자에게나, 전문낚시인에게나 최고의 낚시터입니다. 다양한 편의시설과 한겨울에도 뜨거운 물이 나오는 화장실. 뜨끈한 방갈로. 무인포스시스템등등 정말 최고의시설. 최상의 조황이 보장되는 곳입니다.
"
473,선재바다낚시공원,,칼국수 맛읶어요 
474,선재바다낚시공원,,시설ㆍ친절ㆍ넓은 주차장ㆍ완전 강추입니다.
475,선재바다낚시공원,,하루힐링좋아요
476,선재바다낚시공원,,편하게 낚시하기 좋아요~
477,선재바다낚시공원,,조용하고 좋아요 ~ 😀 
478,섬진강 래프팅 투어,,.
479,세재골농원,,"아이들이 놀기 좋은 시설들이 잘되어있구요 가족들이 자연속에서 추억쌓기 좋은 공간들이 많은거 같아요~^^ 화장실, 샤워장도 진짜 깨끗해서 또 가고싶어지네용!! "
480,세재골농원,,물놀이하기좋아요.자릿세내고 인당 입장료.주말에는 야간타임.인당 오천원 추가.버너 불판 보증금받고 빌려주고 냄비.접시등. .무료.쓰고 깨끗이...방갈로도 있어서 저희는 방갈로 이용.하루 이용료10만...에컨있음.숙박 노노...매점 있고 소주.맥주.병당.캔당.3천...사장님내외분.스텝들 친절...갠적으로 갠찬은것 같아서 다다음주 예약 잡고...ㅋ.
481,세재골농원,,
482,세재골농원,,굿
483,세재골농원,,여기 관계다분들 다들 좋으시더라구요.아이들 눈치주는일도 없고 안전요원도 있고 관리가 잘 되있었어요.50분 놀고 10분 쉬는시간.그리고 화장실도 깨끗했습니다.
484,세재골농원,,굿
485,세재골농원,,좋아요 
486,세재골농원,,재밌어요
487,세재골농원,,좋아요~
488,세재골농원,,좋아요
489,소래바다낚시터,,재밌어영
490,소래바다낚시터,,좋아요
491,소래바다낚시터,,좋아요 
492,소래바다낚시터,,굿
493,소래바다낚시터,,굿
494,소래바다낚시터,,아이와 낚시체험하기 좋아요
495,소래바다낚시터,,굿
496,소래바다낚시터,,굿
497,소래바다낚시터,,좋은곳입니다.
498,속초코마린요트공원,,1인당 3만원씩 요트 체험. 좀 지루함도 있지만 너른 동해 한바퀴 돌고나면 뻥뚫림을 느껴집니다.느껴집니다 . 한번쯤은!
499,속초코마린요트공원,,"다녀온지 꽤 됐지만 이제야 후기남겨용
강원도 놀러가서 뭐할지 찾다 속초에 요트있는걸 처음알고 인생 첫 요트탑승이었는데 완전 최고였습니다,,👍
운전해주시는 선장님도 완전 재밌고 친절하셨어요!!!
날은 진짜 손가락이 다 얼정도로 너무 추웠지만 너무 재밌고 운좋게 딱 저희팀만 탑승했어서 더 편하게 타고왔어요ㅎㅎㅎㅎ
한시간탑승인게 굉장히 아쉬웠을정도로ㅎㅎㅎ
다음에 강원도 놀러가면 또 타러올게요
꼭. 선장님잊지않으셨죠?
저는 꼭 다시갈게요.^-^/
그때까지 오래오래 운영해주세요!"
500,속초코마린요트공원,,"젊으신 기사님 너무 재밌게 해주셔서 감사합니다~^^
운전도  해볼수 있게 해주시구 사진도 찍어주시고 음악도 틀어 주셔서 지루하지 않았어요~^^
멀리 여행 갔는데 좋은추억 만들어 와서 너무좋아요!"
501,속초코마린요트공원,,좋은 추억 안겨주셔서 감사합니다.
502,속초코마린요트공원,,"안전하게 운행해주시고 직접 운전도 해볼수있게 해주셔서 너무 즐거웠어요~~
다음에도 또 타고싶네요^^"
503,속초코마린요트공원,,"아이들이 넘넘 좋아했어요
오전엔 요트
오후엔 설악산케이블카 탓는데
애들이 요트가 제일재밌고 기억에 남는다네요
다음에 배 또타고싶다며 난리난리
새우깡던지니까 소문듣고 갈매기 모여들고
먼 바다까지 나가 경치구경도하고 넘넘좋은경험이었습니다^^"
504,속초코마린요트공원,,"선장님이 너무 재밌으시고 다양한 경험해볼 수 있게 배려해주셔서 한시간이 10분 처럼 지나갔어요🥰
여름에 또 타러 오고 싶어요"
505,속초코마린요트공원,,"이번 속초여행 중 가장 좋았어요.
있는 것도 몰랐다가 우연히 본건데 너무 다행이에요ㅎㅎㅎ
대충 50분 정도 타는 것 같고 생각보다 멀리나가서 놀람요.
근데 지금보다 더 지나면 날씨가 넘 추울 것 같아서 타려면 담요같은 것도 필요할 것 같아요"
506,속초코마린요트공원,,요트 운전도 해볼수있어서 좋았어요! 보트 운행해주시는 분 인상도 좋고 붙임성 있는 성격도 너무 좋더라구욤! 맞은편에서 지나가는 배에서 구명조끼 안입고 있으니까 얼른 조끼착용하라고 일러주시기도 하더라고요! 재밌는 체험이었습니당~
507,속초코마린요트공원,,꽤 즉흥적으로 찾아간 여행에 요트체험이라니~! 너무 좋은 경험이었습니다! 요트의 앞쪽과 뒷부분 중 어느 곳에 타는 건지는 탑승시 정해주셔요~ 다들 즐거운 여행되세요!ㅎㅎ
508,솟골낚시터,,
509,솟골낚시터,,굿
510,솟골낚시터,,
511,솟골낚시터,,친절합니다친절합니다
512,솟골낚시터,,굿
513,솟골낚시터,,좋아요
514,수상레저V,,"귀여운 라쿤이가 살고 있는 곳..
사실 2주전에 근처 다른 빠지에 갔다가
물에 불순물도 너무 많고 기구도 1분정도밖에 안태워줘서 아쉬웠던 맘에 다시 일정잡고 방문한 곳인데 

물관리도 넘 잘되어있구 일단 기구를 넘 잘태워주세요 ㅋㅋㅋ!!! 짱… 귀여운 강쥐도 있으니까 눈호강은 덤!!

이번엔 수상레저만 했지만 숙박바베큐 패키지도 가성비 좋아보여서 담엔 패키지로 와볼생각..🩷
일단 25년 인생 빠지 베스트는 진짜 여기..🩷🩷🩷

ㄹㅇ 내돈내산"
515,수상레저V,,"작년에 방문했다가 너무 좋아서 이번년도에 또 방문 했어요♡
직원분들도 너무 친절하시고 사장님도 왕친절👍🏻
기구도 재밌는데 놀이시설?이 재밌어서 친구들이랑 출발드림팀 찍으면서 놀았습미다 내년에도 또 올게요💗💗💗"
516,수상레저V,,사장님 넘 친절하시고 ㅋ 센스 있으시고 ㅋ 대기 별로없음요 1시 예약인데 그전에와도 워터파크 이용할 수 있고 숙박 패키지로 왔는데 숙박에 바베큐에 물놀이 무한임 ㅠㅠ 남자친구랑 놀러왔는데 넘 즐거워용 😭😭😭❤️❤️❤️
517,수상레저V,,"사장님, 직원분들 친절합니다.
주차장 실내로 편하게 되어있습니다.
숙소도 바로 연결되어 있어서 이동하기 좋구요, 식사도 만족합니다.
놀이기구 마음대로 탑승가능하고요 꼭! 예약하고 방문하세요^^"
518,수상레저V,,가평역에서부터 픽업해주셔서 편하게 올 수 있었어요! 사정으로 한명이 못왔는데 가격만큼 업그레이드도 해주셔서 놀이기구도 많이 탈 수 있었습니다!! 미끄럼틀 워터파크 놀이기구 다 짱짱 재밌어요👍🏻
519,수상레저V,,직원분들도 너무 친절하구 착하시고 분위기가 너무 좋아요!!!! 특히 귀여운 강아지도 있어서 눈이 즐거웠습니다 ㅎㅎ 가성비도 좋고 다음에도 또 올게요 ㅎㅎ
520,수상레저V,,"검색해서 와봤는데 주차장도 깔끔하고 시설도 좋아요~^^
내년에도 여기로 올거같아요!!"
521,수상레저V,,작년에 한번 오고 좋았어서 두 번째 방문했어요!! 놀이기구도 많고 평일이라 그런지 회전율도 빠른 편인 것 같아요🤭 너무 재미있었어요~~ 다음에 또 올게용!!
522,수상레저V,,비오는날 놀러왔는데 직원분들도 친절하시고 재미있게 놀았습니다 ㅎㅎ 갱얼즤들도 귀엽고 잘놀았습니다~
523,수상레저V,,사람없고 줄 많이 안서서 탈 수 있어요 ㅋㅋㅋ완전 재미잇어요ㅠㅠㅠㅠㅠㅠ 으아아아 너무 재미있어어
524,스타바다좌대낚시터,,굿
525,스타바다좌대낚시터,,맛있어요 좋아요 또올게요
526,스타바다좌대낚시터,,"스타낚시터위쪽에운영하는 음식점
할머니가하시는데 은근 맛집"
527,스타바다좌대낚시터,,"인원은 20명 남짓, 방류는 10마리 남짓
방류하자마자 코너에 사람들 우루루 붙어서 복불복게임
30분도 안되서 거진 다 올라옴 그 이후는 뭐 시간을 낚죠.
물에 찌만 담구실분들에게 추천드립니다."
528,스타바다좌대낚시터,,"짬낚시 6시간 3만원
밤낚시 7만원
깔끔한편인데 고기 종류가 적고, 고기 크기가 작은편이다"
529,스타바다좌대낚시터,,ㅎㅎ
530,스타바다좌대낚시터,,너무 친절하고 재밌게  잘놀았어요
531,스타바다좌대낚시터,,"깔끔하게 진공포장 까지 가능
다만 낚시마무리때 가면 1-2시간 대기발생함"
532,신석스포렉스수영장,,여자 선생님께서 열심히 잘 가르쳐주셔서 재등록
533,신석스포렉스수영장,,좀 비싼편이고 리뉴얼했다고 하는데 샤워시설은 좁고 안 좋아요 
534,신석스포렉스수영장,,처음 끊어봐요 좋았으면 좋겠네요
535,신석스포렉스수영장,,"8월에 알게되서 다니게되었고 벌써 3개월이 지나 연장했어요! 초급 중급 고급 등 레일이 다 따로 있고, 선생님들도 친절하셔요! 특히 초급은 1대 소수로 잠깐씩 마크해주셔서 왕초보인 저도 벌써 평영까지 배워나가고 있네요~! 준비운동 후 발차기 몇바퀴면 차갑던 물도 금방 적응되서 시간 가는지 모르고 다니고 있어요! 샤워시설도 깔끔하고, 머리 말리는 곳은 아예 크게 따로 있어서 출근 전 아침운동으로 딱이에요😍"
536,신석스포렉스수영장,,"전화로 환불 문의하고 직접 방문 드리고 환불요청 드렸더니, 나중에 환불금액 확인되니 다시 또 와야 환불처리된다고 하면 그게 맞는건가요? 전화 드렸을때 확인해보시면 될일을 단순히 환불금액을 모른다고 회원보고 여러번 왔다갔다 하라는게 이해가 안가네요
그리고 낮에 전화로 문의도 했다고 이의제기하니까 그제야 계좌번호 적으면 입금하겠다고 하시는게 더불쾌합니다.
충분히 확인해서 처리할 수 있는 일 가지고 왜 회원이 신석 업무방식에 맞춰서 두번 가야하나요?
안그래도 가끔 데스크 일하시는분 수동적으로 느껴져서 그랬는데 이건 정말 아닌것 같네요"
537,신석스포렉스수영장,,"수질이 깨끗하고 좋아요. 수영장 특유의 락스 냄새도 덜 나고 머릿결도 덜 상하는 것 같아요. 주차장은 넓진않지만 이용할수 있어서 그나마 좋네요
강습반 등록했는데 중간에도 등록은 되지만 가격은 한달요금 그대로 받으니 월초부터 등록하시는게 좋을 듯 합니다"
538,신석스포렉스수영장,,"수영강습도 작년에 들었고 올해는 아기를 가지면서 아쿠아로빅을 듣고 있는데 정말 만족하고 있어요
강사님도 늘 열정 넘치시고, 같이듣는 어머님들도 모두 좋으셔요!
또 수영장 물이 깨끗해요
예전에 다른 수영장 다닐 때 얼굴과 목에 두드러기 나곤했는데 신석스포렉스 다니고는 한번도 그런적 없습니다.
내년엔 다시 수영 등록해서 배워보려고요! 걸어디닐 수 있는거리에 이런 좋은 시설 있어서 엄청 좋아요!최고!!!"
539,신석스포렉스수영장,,재등록 
540,신석스포렉스수영장,,처음 신규회원 2+1로 시작했어요 뭐든 오래 못하는 성격이기도 하고 예전에 한 번 포기한 적이 있어기대 없이 다니기 시작했는데 우선 수온도 적당하고 해수라 락스냄새로 괴로워하지 않아도 돼서 넘 좋았어요 혹시나 텃새가 있지 않을까 고민했는데 회원분들 너무 친근하고 좋으셨고 초보반 선생님께서 차근차근 알려주셔서 쉽게 배울 수 있었어요 수영에 재미를 붙이고 수영 가는 날을 기다리는 저를 발견 ㅎㅎ이번에 벌써 3개월 추가 2번 해서 7개월 들어가네요~ 앞으로 쭈욱 함께하려고요^^
541,신석스포렉스수영장,,"얼마전부터 깔끔하게 구석구석 정비를 계속하고 있는것 같아서  조아요. 청소도 잘되어있고 강사 선생님들도 친절합니다.
 아이 주말수영만 보내는데 시간되면 주중에도 보내고 싶어요. 주말오전은 사람 많지않고  물도 깨끗해서 자유수영하기 좋을듯 합니다 "
542,신암낚시터,,"수질 좋고 조용히 쉬기 좋아요~
입지를 잘 선정하면 월척 가능.ㅋㅋ"
543,신암낚시터,,좋아요
544,신암낚시터,,굿
545,신암낚시터,,좋아요
546,신암낚시터,,굿
547,신암낚시터,,굿
548,신암낚시터,,좋아요 : )
549,신암낚시터,,귯
550,신암낚시터,,좋아요 
551,신암낚시터,,친절해요
552,신흥바다낚시공원,,"마감 30분 남기고 도착했는데
일사천리로 준비하고 들어가서 후다닥 자리잡고
애들 여럿이라 직원분 모두 함께 아이들이 꼭 잡아볼수 있도록 너무 애써주셨어요.
덕분에 체험한 아이들 다 한번씩 잡아보고 좋은 경험해봤어요.
제주 가면 또 들릴예정입니다!"
553,신흥바다낚시공원,,"사장님과 직원분들 아주 친절합니다 .바다 낚시가 처음인데 아주 친절하게 잘 알려주십니다. 제가 고기를 못잡아서 신경써주셔서 정말 감사합니다. 
근처에 여행오시는 분들은 꼭 한번 방문 하시길 추천 드립니다.  재미있어요 ^^ 100점 만점 100점"
554,신흥바다낚시공원,,"아이가 낚시 꼭해보고 싶대서 방문했어요.가두리에 바람이 많이 불었는데 저희 큰애가 우럭 돌돔 두마리나 잡아서 입이 귀에 붙었던 좋은 경험이었습니다.
친절해요"
555,신흥바다낚시공원,,다양한 어종이 잡히고 잘 못하신다면 사장님께서 친절하게 도와주십니다 ㅎㅎ 어린이들도 잘 잡더라구요 그리고 제일 중요한게 잡은 물고기를 저렴하게 손질해서 가져갈수 있습니다
556,신흥바다낚시공원,,"낚시 알지못하는 부모인지라 쉽게생각하고 갔는데 아이들이 잡지못해 속상해 할까봐 옆에 한명씩
붙어서 도와주셨어요~ 덕분에 아이들 너무
즐거운 추억 쌓고 돌아왔습니다~ 물고기 많고 시설 깨끗해요~ 다음에 제주오면 또 방문할거에요
"
557,신흥바다낚시공원,,"배멀리 염려 없이 편하게 그러면서 재미있게 제주 어린이 낚시체험하기에 딱 좋은 신흥바다낚시공원은 참돔, 우럭 등 다양한 어종을 쉽게 잡을수 있어 낚시 초보자도 부담없이 즐길수 있고 무엇보다 바로 잡은 신선한 횟감을 적당한 손질비와 상차림비용으로 쫄깃 탱글한식감과 함께 달달하니 맛있는 회에 소주 한잔 곁들여줄수 있으니 어린 자녀 동반 가족 여행지로도 또는 친구들과 제주 추억 여행지로도 추천해드리기에 딱이네요. 낚시 전혀 모르는 분도 친절하게 직원분들이 안내해주는 데로 따라하기만 해도 제대로 손맛을 볼수 있으니 제주 함덕 해수욕장 찾으실 때 꼭 방문해보시길 추천해드려요."
558,신흥바다낚시공원,,아이가 낚시를 너무 좋아해서 방문했어요. 협재에서 여기까지 거리는 좀 있었지만 아주 만족하고 왔습니다! 직원분들 모두 친절하시고 아이가 잡을수 있도록 적극적으로 도와주셔서 너무 감사했어요! 즐거운 시간이었습니당
559,신흥바다낚시공원,,제주이색체험으로 적극 추천합니다! 낚시를 한번도 해보지 않았던 저도 직원분들께 배워서 금방 고기를 잡을 수 있었어요~ 아이들과 가족 단위로도 많이들 오시더라고요~ 또 잡은 고기는 구매할 수도 있고 손질비를 드리면 손질도 해 주시니 낚시도 하고 회도 먹고 제주도에서 할 수 있는 즐겁고 값진 체험인 것 같아요~ 한시간 동안 체험했는데 시간이 어떻게 간지 모르게 너무 재밌었어요ㅋㅋㅋ 주변 지인들한테도 강추할듯합니다👍🏻👍🏻
560,신흥바다낚시공원,,"갑작스런 제주여행ㅎ
1박2일 급떠난제주일정인데 아빠가좋아하는낚시는 빠질수없어서 첫방문드렸는데 온가족 너무만족하고왔습니다.
사장님친절하시고 어른.아이들모두 승부욕뿜뿜 ㅋ⫬ㅋ⫬ㅋ⫬ 
실력은 안따르지만 낚시에진심인 저희신랑 
3월말 물따뜻해지면 또다녀오자네요~~😄
사장님~~재밌게 잘놀았어요👍"
561,신흥바다낚시공원,,"이번 제주여행 최고의 체험이었어요!! 오빠 둘 대만족
아이둘이라 신경써주시고 너무 감사했어요
꼬맹이 더커서 또 오겠습니다^^"
562,쌍방죽낚시터,,.
563,쌍방죽낚시터,,"1인좌대 
최대어68센티 50수
조과좋아요
근데 1인좌대 60.000원
대문에 입어료수정해주세요"
564,쌍방죽낚시터,,
565,쌍방죽낚시터,,좋아요
566,쌍방죽낚시터,,졸어
567,아리수수상레저,,"웨이크보드 배우러 왔는데 안에 카페도 엄청 저렴한데 괜 찮고, 사장님이랑 직원분들 다 엄청 친절하세요!! 애견동반 카페라서 강아지 데리고 오기 너무 좋구요ㅎㅎ 특히 사장님이 너무 잘 가르쳐주셔서 웨이크보드 처음인데도 금방 일어났어요 짱👍👍👍👍"
568,아리수수상레저,,"여름휴가 대신 빠지를 다녀왔어요!
오늘 처음 웨이크보드를 경험했는데 정말 재미있었어요 🤩🤩 생각보다 어렵지 않더라고요! 

무엇보다 코치님이 친절하셔서 좋았습니다.

시설도 깨끗하더라고요 수건이나 장비도 무료로 빌려주셨어요!! 다음번엔 몸만 가려고요 ㅎㅎㅎ

손님들이 데려온 강아지들도 볼 수 있어서 심심할 틈이 없었어요 

덕분에 재미있는 하루가 되었어요 감사합니다!!!!!"
569,아리수수상레저,,사장님 코치님 모두 너무 친절하시구 재밌으세요!! 좋은 물에서 좋은 분들한테 배우니까 너무 좋았습니당 놀이기구도 짱 재밌었어용 또 놀러갈게욥!!!!!
570,아리수수상레저,,"도심과 가깝고~! 주차도 편하고!
무엇보다 친절하게 잘 알려주신답니다!!👍🏻
인테리어도 깔끔하고!! 빠지가 분위기가 너무 좋아요!!🥰"
571,아리수수상레저,,앉은뱅이도 일어날 수 있을 듯
572,아리수수상레저,,진짜 오랜만에 수상 놀이기구 탔는데 너무 재밌었어요ㅋㅋ 사장님이랑 사모님? 너무 친절하시고 좀 무서워서 겁먹었는데 안전 수칙 잘 설명해주시고 위험하지 않게 태워주셨어요 ㅋㅋ 바나나보트랑 앉아서 다리피고 타는거? 하나 더 탔는데 앉아서 타는거 강추 ㅋㅋ 너무 재밌어요!!! 올여름 가기전에 또 오려구요ㅋㅋ 여름에는 수상놀이기구 짱 
573,아리수수상레저,,"사장님이 엄청 친철해요  뷰도좋고  샤워시설이며 주차장이 넘 편리해서 걱정no
와도와도 또오고싶음 아리수 수상레저  너무만족해요"
574,아리수수상레저,,"강아지 데리고 빠지 놀러왔는데 사장님도 너무 친절하시고 좋았어요! 
장비도 최상급 장비로 교육부터 잘 해주시고 
웨이크에 맛들릴꺼 같아요!! 
자주 이용 하겠습니다🤭"
575,아리수수상레저,,"물은항상좋구~
매직,아웃 전부 셋팅도좋고 사장님도 친절하게 잘알려주시고 올때마다 너무좋습니다!!"
576,아리수수상레저,,여주에서 가장 핫한 빠지!! 시설도 좋고 코치님들도 상냥하고 열정적으로 알려주셔요!! 최고에요!!
577,양주유수풀파크&바베큐장,,"낮엔 자리이용료5
야간엔3
늦게까지 잼나게 놀다 왔어요 내년에 또 갈께욤^^"
578,양주유수풀파크&바베큐장,,"비가 안와서 다행이었어요
아이들도 재미있게 놀았어요"
579,양주유수풀파크&바베큐장,,"사진이 잘 나오고 주차하기 좋아요.
아이들이 좋아하는 곳입니다. "
580,양주유수풀파크&바베큐장,,가깝고 놀기편한데 이번엔 수질이 안좋았는지 아이들 두드러기 올라왔네요ㅜㅜ 쉬는타임에 물관리 안하시는지 벌레들 계속 떠다니고
581,양주유수풀파크&바베큐장,,잘 이용했습니다~
582,양주유수풀파크&바베큐장,,"고주내 내년에도 또 올께요 너무 늦게 알았네욬ㅋ
재밌어요 ㅋㅋㅋㅋㅋ"
583,양주유수풀파크&바베큐장,,"하루종일 알차게 놀았네요.
하지만 물놀이 한번 갈려면
너무 비싸요~~
어른들은 보호자입장인데
입장료가 비싼듯~
"
584,양주유수풀파크&바베큐장,,
585,양주유수풀파크&바베큐장,,"아이들이랑 다녀오기 좋았어요
"
586,양주유수풀파크&바베큐장,,"매년 가는 수영장인데,
취식이 가능해서 편해요"
587,양촌성구랜드,,굿
588,어심바다낚시터,,이젠~우~~럭ㅎ
589,어심바다낚시터,,~^^
590,어심바다낚시터,,고기 잘잡혀요
591,어심바다낚시터,,넘 조용하고해서 자주 힐링하러 갑니다~^^
592,어심바다낚시터,,한달에 한번가는 낚시터 ㅋㅋ 좋아요^^
593,어심바다낚시터,,^^
594,어심바다낚시터,,자주 힐링하는 곳이에요~^^
595,어심바다낚시터,,넘 좋아용~^^
596,어심바다낚시터,,~~^^
597,어심바다낚시터,,좋아요 
598,에이알서프,,"대표님과 강사님께.
서핑 왕초보 부자에게 즐거운 추억 만들어주셔서 감사합니다. 서핑 처음이라 걱정했는데, 모두 한번에 설수있게도와주셔서 고맙습니다. 파도보는 법에 대해 계속 얘기하더라고요.
파도가 생각보다 잔잔해서 겁먹지않고 쉽게 설수있었던것같아요. 아빠가 체력이 안되서 자유서핑1시간만에 그만 탄게 아쉬웠어요.11살 아들이 더 타고싶다고 했는데...
다음에 또 찾아가겠습니다.
처음으로 리뷰 써봅니다. 오늘 감사드립니다. 
강사님의 친절한 강의에 초4의 첫 서핑 대 성공했습니다.
사업 번창하세요. 대표님.
안녕히게세요."
599,에이알서프,,깨끗하고 합리적인 가격이에요. 사장님이 잘생겼어요……
600,에이알서프,,"다른곳보다 늦은시간 수업이 있어서 너무 좋았어요^^
살타기 싫어서 4시 이후거 원했는데 여기가 4시반강습도 있어서 딱좋았어요
엄청 잘생긴 강사님이 잠깐 화이트보드 강습해주심ㅋㅋ 강사님 잘생기셨어요!!!~~
사장님도 지인짜 친절하시고, 샤워장도 너무깨끗해요
양양이랑 비교될정도 >.< 깔끔깔끔
특히 주차장이 넓어서 너무너무 좋았어요 저녁에 주위에 맛집에서 밥먹고 술먹고 놀구 올때까지도 계속 주차해놓을수 있게 해주시구~~
감사합니다
귀찮아서 리뷰같은거 잘 안쓰는데, 일부러 영수증 찍어왔네요^^
파도만 잘치면 동해까지 갈 필요가 없을것 같아요
잘 놀고갑니당!!"
601,에이알서프,,"사장님께서 넘넘 친절하시고 하나하나 신경써주셔서 덕분에 편하게 즐기고 갑니다! 수업은 이론+실습까지 체계적이어서 서핑하나도 모르는 저도 잘 알아가게 되었고, 처음임에도 불구하고 혼자서도 파도를 탈 수 있게 됐어요☺︎ 나중에 친구들이랑 또 방문할게용!!"
602,에이알서프,,서핑 처음으로 동생이랑 같이 배우고 체험 해봤는데 엄청 친절하게 가르쳐주시고 좋았어요ㅎㅎ 나중에 또 방문할게요^^ 
603,에이알서프,,"첫 서핑이었는데 완벽한 최고의 서핑이었습니다!!
같이 간 일행분들도 모두 만족만족 대만족 하고 왔어요♡
사장님 강사님 친절하시고 강습도 최고였어요~~
물론 날씨 파도도 완벽해서 더욱 좋았어요ㅎㅎ
자유서핑할때는 몸에 힘이 빠져서 잘 안되었지만 
체력을 길러 다음에 또 타러 올거에요!!
다음 서핑도 만리포 ar로 갈거 같아요ㅋㅋㅋ 
감사합니다 ㅎㅎ 번창하세요♡👍 "
604,에이알서프,,"다음에 또 올거에요 🏖
서핑 장소까지 편안히 이동하고
여유있게 패들보드를 즐겼어요. :)
끝나고 먹는 치맥도🍻👍🏻"
605,에이알서프,,"사장님과 직원 분들이 친절하시고, 처음으로 서핑 타는 건데 첫 서핑 경험이 좋아서, 앞으로도 계속 탈 것 같아요!! 서핑보드의 노즈랑 테일에 대해서 꼭 기억하겠습니다!
하핫ㅎㅎ 나도 이제 서핑좀 안다 하겄슈!!
만리포를 처음 오는 건데, 한참을 재미있게 놀다 갑니다~0.<"
606,에이알서프,,최고에요 2주연속 잘 빌려서 샤워실도 잘 쓰고 잘 놀다왔어요
607,에이알서프,,멋진 강사분이 잘 가르쳐주셨는데 파도가 너무 낮고 몸뚱이가 저질이라 제대로 타진 못했지맘 ㅋ 서핑보드 위에 누워서 떠다니기 재밌었어요~~ 
608,엠엘피서프(엠엘피서핑),,우리집 강아지도 좋아하는 MLP 피시앤칩스 꼭 한번 먹어보세요
609,엠엘피서프(엠엘피서핑),,"리뷰 귀찮아서 잘 안쓰는데 엠엘피는 찐입니다..! 강사님들 직원분들 너무너무 친절하시고, 매장내부며 밖이며 서퍼바이브가 찐으로 느껴지던 곳! 다른곳은 안가봐서 사실 비교는 못하지만 제 지인들이 서핑한다고 하면 무조건 엠엘피 추천할겁니다!!🏄
첫 서핑이었는데 매 강습마다 성심성의껏 알려주시고 꿀팁까지 대방출 해주셔서 갬동받고 행복한 시간 보내다갑니다..!! 서핑하러 양양 갈필요도 없고 이번달 말에도 겨울서핑때도 또 방문하겠습니다! 모든분들 정말 감사했어요🫶🏻

앗 그리고 엠엘피가시면 야니스버거 꼭 드셔보세요. 버거맛집입니다..! "
610,엠엘피서프(엠엘피서핑),,"오션뷰도 미쳤고 버거도 미쳤어요
서핑은 안하고 햄버거만 먹고 있는데도 여기가 천국이네요,, 시그니처버거 꼭 드세요
바다보면서 버거먹기!! 최고힐링중 "
611,엠엘피서프(엠엘피서핑),,"힙한 MlP에서 서핑 강습 후 수제버거와 돈가스, 감자튀김은 필수죠❤️ 예쁜 바다 풍경을 보며 맛있는 음식도 먹고, 서핑하며 운동도 하고, 스트레스도 풀고, 해질때 풍경은 얼마나 예쁜지😍😍 올때마다 설레고 다시 돌아갈때는 아쉬움이 남는 곳이랍니당👏"
612,엠엘피서프(엠엘피서핑),,"초보자들도 알아듣기 쉬운 설명해주시고, 저희는 선생님1명:수강생4명으로 수업들었는데, 체계적으로 수업이 잘  되었어요!!  
한명씩 푸쉬 업!  외쳐주시면서, 탔을 때 어떤점을 고쳐야하는지 설명 잘 해주셔서 좋았어요
(만리포 파도가 양양파도 못지 않더라구요, 파도 걱정을 괜히 했어요🤣"
613,엠엘피서프(엠엘피서핑),,처음 서핑해보는데 잘 알려주셔서 재미있게했습니다~^^오늘 파도가 약해서 아쉽긴했지만...자유시간에 기본기 다진다 생각하고 연습했어요~ 파도좋을때 다시 재도전해보려구요!! 서핑끝나고 점심도 먹었는데 맛있었어요!! 이국적인 샵분위기 때문에 그런지 일상에서 벗어난 느낌이 물신들어서 잠시 힐링했습니다~!!
614,엠엘피서프(엠엘피서핑),,8세 9세 아이들 넘 재밌게 수업 받았어요. 친절하고 자세히 설명해주셔서 아이들 모두 잘 타더라고요^^ 한 시간 반 강의 끝나고 자유서핑하며 노는 동안 어른들도 타봤는데 일어서는 거 생각보다 어렵더라고요ㅋㅋㅋ 합리적인 가격에 정말 좋은 추억 쌓고 가요~ 
615,엠엘피서프(엠엘피서핑),,올때마다 기분 좋아지는 엠엘피서프ㅎㅎ 직원분들 친절한건 물론이고 레벨업 강습 한 회 마다 실력이 늘고있는 것 같아 너무 기뻐요 감사합니다🥹 엠엘피서프는 다른 샵들과는 다르게 소규모로 진행하는 유일한 서핑에 진심인 서핑샵 같아요!!!🥰 강사님한테 집중케어 받을 수 있어서 실력도 금방 늘고 정말 정말 강추입니당ㅎㅎ 지인들에게도 소개했어용ㅎㅎ 서핑을 제대로 배우고 싶은 분들이라면 엠엘피서프를 추천드려요😊
616,엠엘피서프(엠엘피서핑),,야니스버거특)서핑전후로 먹으면 매우든든 
617,엠엘피서프(엠엘피서핑),,"뷰맛집! 버거맛집! 
강사님도 친절하시고 가격도 합리적이라 좋습니다.
또 갈거에요! 서핑이 처음이라면 만리포 엠엘피 추천해요. 잘 가르쳐주세요!"
618,여수 아그리나 요트투어,,"일단 요트 시설이 좋았어요❣️
깨끗하고 깔끔해서 신발을 벗고 돌아다녀도 발에 흙먼지가 별로 없었어요✨✨
그리고 천천히 바다도 보면서 개운한 바다 냄새도 맡고 힐링하는 시간을 보냈어요〰️🖤
기분도 몽글몽글하고 여수 여행 중 최고라고 말하고 싶어요💘💘💘

여수 여행오는 분들한테 꼭 추천하고 싶은 코스입니다🦦
아마 한번 요트 타보면 다들 느끼실 수 있을 것 같아요
나에게 주는 선물로 가족과 함께 아니면 연인과 데이트로 딱 좋아요

이번 휴가 때 요트 타면서 바다뷰도 보고 안전하고 재밌게 행복한 시간 보내는 건 어때요〰️❓

저는 완전 강력하게 추천합니다❤️❤️➰
"
619,여수 아그리나 요트투어,,"1박 2일 여수 여행동안
가장 재미있었던
여수 아그리나 요트
일정 중에서 제일 잘한 선택인듯해요
날씨가 너무 좋은날 인생사진
남기기 딱 좋아요
시간대를 고민했는데
아침먹고 예술의 섬 장도 구경하면서
산책하고 점심먹고 해변따라 걷다가
요트타는 코스 완전 추천드립니다
특히 시설 짱짱한 아그리나요트 최고예요
다음에 여수 방문하면 오후에 노을 보는
시간을 이용해도 좋을것 같아요❤️"
620,여수 아그리나 요트투어,,"안했으면 너무 아쉬웠을것 같은 아그리나요트투어!!
여수여행 중 최고의 선택이었어요❤️❤️
선장님이 미리 전화주셔서 주차안내 해주셔사
편하게 주차도 했어요 ㅎㅎ 
너무 친절하시고 안전하게 운행해주셔서 멀미 걱정 전혀 안하셔두 대용!!
바다 뷰 너무 좋고 ㅠㅠㅠ 날씨도 너무 좋았어서 완전 힐링하고 왔어요!!! 여수여행가면 아그리나요트투어 꼭 하시길..❤️"
621,여수 아그리나 요트투어,,"여수 여행와서 너무 재미있었던
여수 아그리나 요트예요
처음 타밨는데 요트도 깔끔하고
시설도 좋았어요
천천히 바다도 보고 여수를 느낄수 있었어요
선장님도 너무 친절하시고
설명도 잘해쥬셔서 
너무 즐거운 여행이였어요
요트에서 사진도 많이 찍고
너뮤 즐거웠어요"
622,여수 아그리나 요트투어,,"도착하기 전에 친절하게 어디에 주차하면 되는지 자세히 알려주셔서 참 좋았어요~!
어머니랑 둘이서 여수 여행하러 방문했는데 사장님께서 친절하게 대해주셔서 기분이 좋았습니다
처음 요트를 타서 멀미 걱정을 했었는데 하나도 멀미 안 해서 신기했어요!
겁이 정말 많은 편인데 사장님께서 안전하게 요트 운행을 해주셔서 하나도 안 무서웠습니다
여수 바다는 냄새도 안 나고 맑아서 좋았어요~바다뷰도 정말 예뻤습니다
요트 내에도 다양한 음료들이 있어서 요트 타다가 목 마르면 음료 마시기도 좋습니다!
다음에 또 여수에 온 다면 꼭 타고 싶어요❤️
완벽한 여수 여행을 만들어주신 사장님께 정말 감사드립니다😆"
623,여수 아그리나 요트투어,,"여수 여행 일정 중에서 가장 낭만적이었어요~!! ㅎㅎ
요트는 처음 타봤는데 사장님도 너무 친절하시고 인생샷 진짜 많이 찍었어요!!! ㅎㅎ
특히나 해가 질 때 요트투어 하면 너무 좋더라고요 ㅠㅠ
여수 여행 오신다면 요트투어 꼭 추천드립니다!
무알콜 맥주도 있어서 노래 들으면서 일몰 보는데 진짜 행복 그자체!!
남자친구랑 진짜 재밌게 타고 왔어요 ㅎㅎ "
624,여수 아그리나 요트투어,,"날씨가 약간 흐리긴했지만 저희가족만 요트를 탈 수있어서 좋았어요 따뜻하고 바다파도도 없어서 멀미심해서 걱정하던 신랑도 정말 즐겁게 이용 할 수 있었어요!

선장님이 너무 친절하셔서 아이한테도 직접 배를 운전할 수있게 해주셔서 너무 특별한 경험이 되었어요
여수여행가시는 주변분들에게 추천 많이 할게요"
625,여수 아그리나 요트투어,,"특별한 날, 특별한 데이트 추천추천
요트 데이트를 추천해요 ^_^
푸른 바다를 보면서, 연인과 함께하니
마음이 몽글몽글 해졌답니다
요즘 같은 봄날씨에 타도 좋고
여름에는 푸른바다와 파란 하늘이 함께하니 더더더 좋을것 같아요 특별한 추억이 생겼어요 ^^
요트 위에서 와인한잔까지
미쳤다리 미쳤어 💕💕
꼭 경험해보세용"
626,여수 아그리나 요트투어,,"여수 요트투어 제대로 다녀왔습니다!
주차도 바로 가능하고 무료입니다 ㅎㅎ자리도 널널했구요
저는 너무 덥지않은 오전에 했는데 노을 질 시간에는 엄청 이쁠 것 같더라구요! 실제로 예약도 넘칩니다 ㅎㅎㅎㅎ
너무나 친절하신 선장님이 포토스팟도 다 알려주셔서 인생샷 엄청 남기고 왔습니다 ㅋㅋ
여수 데이트로 강력 추천!!"
627,여수 아그리나 요트투어,,"뻥~트인  바다안에서 지친 심신을 달래주는  경험이었습니다 😆😆
넓고 멋진 여수바다 구경하며
스트레스가  풀렸네요 ㅎㅎㅎ
가이드님이 설명도 잘해주시고 이날 날씨까지 완벽했어요 사진찍을 스팟도 다양해서 이쁜 인생샷 많이 남기고 왔답니다 ㅎㅎㅎ
바람이  잔잔하여 멀미없었어요 👍
좀  부는날에  더  재미있다는데 
그때 다시예약해야겠어요 !"
628,여주시 수상센터,,"존나 융통성 시험장이네요 시험마치고 안전교육을 들을수 있게 해야지 멀리서 왓는데 ㅆㅂ 또 신청하고 오라고 하는건 먼가요 교육신청보니 40명반에 고작 4-5명 신청하는거 같은데 남는자리도 있을텐데 그걸 나중에 신청하고 오라고 하는건 답없는 ㅅㄲㄷ,,"
629,역삼청소년수련관(실내수영장),,좋아요 
630,역삼청소년수련관(실내수영장),,굿
631,예당저수지(예당관광지),,예산에 가족모임으로 왔다가 가끔 들리는데 3월 중순이 지나서 꽃망울이 피고있어 산책 하기도 좋았어요. 호수 주변으로 산책로가 잘 형성되어있고 호숫가로 뷰도 좋고 낚시터도 많은데  날파리가 정말 너무 많아서 얼굴을 가리고 산책해야할 정도라  아쉬웠답니다.  
632,예당저수지(예당관광지),,날이 좀 추워서 산책을 오래 하기 힘들었지만 산책하기 좋은 곳이에요! 지금은 산책로를 수리중인 곳이 있었어요~ 하지만 저수지가 넓어 다른쪽으로 산책하면 좋을꺼 같아요~ 한적하게 물과 나무 하늘을 보며 산책하기 너무 좋은 곳이에요~ 
633,예당저수지(예당관광지),,멋진 호수 풍경이 펼쳐집니다.
634,예당저수지(예당관광지),,날히도좋고 벗꽃도 이프게  피어있어요.
635,예당저수지(예당관광지),,많이 붐비지않고 산책하기 좋은 코스입니다. 주변 볼거리도 많아서 나들이하기 좋아요
636,예당저수지(예당관광지),,
637,예당저수지(예당관광지),,아름다운 호수입니다. 힐링하고 왔어요
638,예당저수지(예당관광지),,산책하기 좋아요
639,오동나무수상레저,,"보트투어A코스 이용했습니다
재밌습니다
"
640,오류내낚시터,,맛있어요. 
641,오목 낚시터(신창 오목 낚시터),,조용하고 잘 잡혀요
642,오목 낚시터(신창 오목 낚시터),,짱
643,오목 낚시터(신창 오목 낚시터),,굿
644,오션브리즈요트,,"통영여행에서 최고였던 오션브리즈요트 선셋투어
너무너무 예뻤던 통영바다를 잊을 수 없을거예요
여기저기 다 포토존이라 사진찍고 놀기 좋았어요.
서비스도 다양해서 재미있게 놀았어요.
갈매기 새우깡은 초딩어린이가 진짜로 좋아합니다. 
샴페인이랑 어묵도 굿, 불꽃놀이까지 완벽했던
감성 요트투어 최고👍"
645,오션브리즈요트,,"친한 동생들과 통영 놀러가기에 폭풍 검색후 찾은곳~좋은 추억과 이쁜 사진들 많이 남기고 왔어요
셋다 이구동성으로 유람선보다 훨 좋았다며 다시한번 더 타고싶다고ㅎㅎ
후회없는 요트 관광이었어요"
646,오션브리즈요트,,"통영에서 강아지와 특별한 경험을 하고싶다면
요트체험 ㅋㅋㅋ 굿
일몰 보는 재미가 있었습니다"
647,오션브리즈요트,,"통영갔을때 가장 재밌었고 신나는 노래도 틀어주시고 사진도 이쁘게 찍어주셔서 너무 감사했어요!!~
따뜻하게 어묵꼬치도 주시고 차를 가지고 왔는데 무알코올 샴폐인도 즐길 수 있어 정말 좋았습니다~~추워서 걱정했지만 아름다운 경치에 추위도 잊고 재밌게 즐겼어요!
다음에 통영에 다시 간다면 제일 1순위로 계획에 넣을것 같아요~~!
"
648,오션브리즈요트,,"한 해를 보내기 전 체험으로 좋았어요
같이 간 일행도 매우매우매우 좋아해서 제가 다 뿌듯했어요

겨울엔 바닷바람이 쎄니 무조건 중무장 하고 가세요 담요를 제공해줘서 많이 춥진 않지만 어두워지니 춥더라구요 

샴페인, 어묵 등 제공해주고요 컵라면도 원하면 끓여먹으면 돼요

노래도 틀어주고 기계로 비누방울도 내보내서 사진 찍기 아주 좋아요
노래는 선장님하고 취향이 잘 맞는게 중요할거같아요 

가족, 연인, 친구 할 것 없이 어느 구성으로 와도 다들 좋을거같아요

약 두시간 동안 배를 타는데 배에 내리기 전 해가 어둑해졌을땐 폭죽도 터트려줍니다

정말 좋았어요
강구안이랑은 차로 이십분거리
루지 타는 곳이랑은 차로 십분 거리에 있어요

저랑 지인 둘 다 통영 여행중 제일 좋은 경험이었어요"
649,오션브리즈요트,,"프로그램 구성이 되게 알차고 좋았어요! 가만히 누워서 바다보며 노래 들으니 여기가 걍 천국,, 비눗방울도 계속 나와서 사진 찍기 좋았어요! 오뎅도 댕존맛
마지막 불꽃놀이도 대전잼"
650,오션브리즈요트,,오션브리즈 강추합니다. 그냥 하세요. 무조건 하세요. 통영 다른 업체에서 한 번 했는데 그때도 진짜 좋았거든요. 이번엔 진짜너무×2 좋았습니다. 모든 걸 예약자 입장에서 생각해 준다는 느낌을 받았고 프로분들이세요. 친절은 물론 시설이며 나무랄 데가 없습니다. 통영 요트는 무조건 오션브리즈입니다. 저는 선셋투어했고 저번에 이용했던 업체에 연락했었는데 비수기에다 예약자가 없어 운영이 안 된다고 해서 오션브리즈에 문의한 거거든요. 월요일이나 화요일이면 좋겠다고 생각했는데 월요일 선셋투어가 운영 확정이라고 해서 낮투어를 할까 선센투어를 할까 고민할 것도 없이 바로 예약했고 완전 만족합니다. 좋은 추억 만들어 주셔서 진심으로 감사드립니다. 오션브리즈 짱!!♡
651,오션브리즈요트,,"통영 가족여행에서 젤 기억남아요
요트투어 너무 좋았습니다
친절하시고 서비스도 좋았어요
물멍 최고였어요
샴페인 어묵 불꽃 너무너무 멋졌습니다
다시 찾고 싶네요^^"
652,오션브리즈요트,,우리 애들이 이런 요트투어는 어떻게 알아봤냐고 아빠 최고라고..  많은 여행 프로그램 하면서 애들한테서 최고의 멘트를 이번에 받았네요..
653,오션브리즈요트,,"해넘이 가족 여행으로 다녀왔어요.

요트가 너무 쾌적하고 편안해서 하나도 돈이 아깝지 않아요! 사진도 먼저 찍어주시겠다고, 예쁘게 찍어주시고 와인,티, 어묵바, 새우깡, 담요, 슬리퍼, 안에 있는 방도 좋았고 낭만 그자체입니다 꼭 한 번 가보세요!"
654,오션차일드 발산센터,,"맘에 드는 오션
신승엽샘 강추"
655,오션차일드 발산센터,,주1회 한달18만원 이예요.
656,오션차일드 발산센터,,샘이 아이 수업에 관해 소통을 잘해주니 좋네요
657,오션차일드 발산센터,,굿
658,오션차일드 발산센터,,더워지니 ㅇㅐ들이 많아져요.. 샘이 친절.. 강추!!
659,오션차일드 발산센터,,넘비싸요 ㅜㅜ
660,오션차일드 발산센터,,첫방문
661,오션차일드 발산센터,,아이가 좋아해요~
662,오션차일드 발산센터,,ㄷㅅㄷㅅ
663,오션차일드 발산센터,,★★★★
664,오태지,,우리동네 오태저수지 공원!!! 운동기구도 있고 넓고 운동하기 너무나 좋아요!!! 오늘은 베드민트로 운동!!!
665,왕산요트경기장,,.
666,왕산요트경기장,,브라보!!
667,왕산요트경기장,,굿
668,왕산요트경기장,,굿
669,왕산요트경기장,,굿굿굿
670,왕산요트경기장,,조아오ㅡ
671,왕산요트경기장,,굿굿굿
672,용담바다낚시터,,오늘은 고기가 자나봐요  ㅜㅜ
673,용담바다낚시터,,핫바~~~
674,용담바다낚시터,,좋아요
675,용담바다낚시터,,굿
676,용담바다낚시터,,"얼음 커피 칸타타 2개 7,000원 
너무 비싸요...
물고기...입질도 없어요...."
677,용담바다낚시터,,굿
678,용담바다낚시터,,굿
679,용담바다낚시터,,방더러워요
680,용담바다낚시터,,"낚시터 정비를 안하시는듯!
먹다남은 음식쓰레기를 바다쪽으로 바로 쏟아버리는것은 아닌듯 하네요.주변청소를 좀더 신경쓰셨음 하네요."
681,용담바다낚시터,,좋아요.
682,용인수상스키장,,"모든선생님들께서 설명도 차근차근 이해하기 쉽게 잘 기르쳐주셔서 배우기 좋아요
친절하셔서 자주오게 되네요"
683,용인수상스키장,,코치님들 친절하세요
684,용인수상스키장,,
685,용인수상스키장,,
686,용인수상스키장,,좋아요~^^
687,용인수상스키장,,"초보강습 강추입니다..
강사님들 친절하심니다"
688,용인수상스키장,,아저씨 사장님 빼고 친절했어요
689,용인수상스키장,,가까운곳에서 아이들이 배울 수 있어서 너무 좋아용~
690,용인수상스키장,,
691,용인수상스키장,,디게디게 좋아요^^
692,우금낚시공원,,굿
693,우금낚시공원,,굿
694,우금낚시공원,,"물고기가 없어요
다시 가고싶지 않은곳"
695,우금낚시공원,,"우금낚시공원
힐링장소"
696,우금낚시공원,,맛나요
697,우금낚시공원,,굿
698,우금낚시공원,,좋아요.
699,울산중구도시관리공단수영장,,"새로 옷장바뀌고 탈의실이 더 좋아졌어요 😀 
전자키도 편하고 수영장이랑 샤워실도 깔끔해짐
주차장은 작아서 도로 맞은편에 많이 주차하심..


"
700,울산중구도시관리공단수영장,,좋아요
701,울산중구도시관리공단수영장,,좋아요
702,울산중구도시관리공단수영장,,자유수영 가끔가는데 가격이 부담없어요
703,울산중구도시관리공단수영장,,합리적인 가격으로 운동할수있어요
704,울산중구도시관리공단수영장,,항상 잘 이용함요오
705,울산중구도시관리공단수영장,,항상 잘 이용중입요
706,울산중구도시관리공단수영장,,항상 잘 이용중이요
707,울산중구도시관리공단수영장,,사람진짜 많아요
708,울산중구도시관리공단수영장,,수심이 점점 깊어지는 부분 빼고는 알맞아요
709,위도바다낚시,,굳
710,위도바다낚시,,굳
711,유성호텔 실내수영장,,ㄷ
712,음성용대리낚시터(용대리가든낚시터),,좋습니다.
713,음성용대리낚시터(용대리가든낚시터),,맛있어요.
714,음성용대리낚시터(용대리가든낚시터),,할머니 혼자 하시는것 같은데 맛있어요.
715,음성용대리낚시터(용대리가든낚시터),,"닭도리탕 예술이네요
한잔하기 조아요"
716,인산낚시터,,빙어낚시했는데 오랜만에 재미있었어요. 경치도 좋고^^  친절해서 아이들과 잘 놀다왔어요
717,인산낚시터,,추울때 따끈한 라면과 갓튀긴 빙어튀김 맛있었어요~
718,인산낚시터,,훌치기 이벤트랑 빙어 젓가락잡기 이벤트 없었으면 빈손으로 갈뻔했어요ㅋㅋㅋ이벤트 있어서 돈 아깝지 않다 생각하구 잘 놀았어요
719,인산낚시터,,빙어낚시 처음해봤는데 재미있었고 못잡은 사람들을 위해 이벤트도 열고 눈썰매도 탈 수 있고 매점에 음식들도 합리적인 가격이라 너무 잘 놀다왔어요
720,인산낚시터,,"빙어 한마리도 안낚임
우리만 그런게 아니라
이날 2부타임 전원이 아무도 못잡음
이런걸 빙어 축제라고 해야하나?
가격도 제법 쎄고
다시 오진 않을듯"
721,인산낚시터,,ㅋㅋㅋㅋㅋ돈아까움 빙어 하나도 못잡음
722,인산낚시터,,"1. 파리낚시대 1개 5천원, 밑밥통 세트(미끼, 쪽가위, 핀셋, 통, 얼음 뜰채) 만오천원, 성인 입장료 만원 입니다. 

2. 빙어잡고싶은 분들은 완전비추함. 한마리도 안잡힘.
입질도 없음, 잡을수 있게 도와주지도 않음.

3. 성인 두명이서 45,000원 내고 1마리도 못잡음
주변사람들도 3시간동안 한마리도 못잡아서 다들 집에돌아감. 가족단위로 와서 허탕치고 가는곳. 직원들도 빙어잡는 방법을 모르는것같음. 어떻게 해야지 잡히냐고, 수심이 몇미터냐고 물어봐도 정확히 알려주지 않음. 빙어가 너무 안잡히니까 이벤트 형식으로 줄서서 기다리면 어항에 빙어 건져서 갈수 있음. 두번은 안갈듯"
723,인산낚시터,,아이하고 같이 왔는데요. 처음에는 잘 안잡히다가 20분 정도 지나고 점점 입질이 많이 오더라고요!ㅎㅎ 정말 좋은 추억 쌓고 갑니다! 얼음썰매는 좀 더 추워진다고 하는데 그때 다시 방문할게요! 
724,인산낚시터,,이벤트도 재밌고 재밌어요~~ 
725,인산낚시터,,아이랑 재밌게 즐기기 좋아여!!! 
726,인천락실내바다낚시터,,"2024년 3월 23일 새벽.
6시간 낚시 총 조과 100마리.

아마 대한민국의 모든 실내 바다낚시터에서
6시간만에 100마리 조황은 없을 겁니다.

초보자 여러분. 체험단 여러분 
가족나들이 원하시는 여러분!
주저하지 마시고 인천락 실내바다낚시터로 꼭
가보세요. 절대 꽝 없습니다.
요금도 저렴한 것은 덤!

저는 초보자 때 부터 현재까지 2년 반동안
매일같이 다닌 단골입니다... ㅎㅎ"
727,인천락실내바다낚시터,,재밌었습니다~
728,인천락실내바다낚시터,,"인천락실내낚시터는 수질이 너무 좋아요. 하루에 한번 이상 불켜기 이벤트 하시는데 그때 보면 깨끗함이 눈에 보입니다. 이벤트도 많이하고요. 카페 들어가보시면 다양한 이벤트를 진행하십니다. 오늘 운좋아서 타이맨 도다리를 잡아 돌림판 입어권 받았네요 ㅋㅋ

1. 수질이 깨끗함
2. 어종이 다양함 
3. 사장님 데스크 야간스탭. 모두모두 친절함
4. 절대 꽝처서 보내시지 않음(팁을 많이 주심)
5. 바닥청소 하루에 몇번을 하시는지 깨끗함
6. 오늘 낚시 했지만 내일도 또 가고 싶음"
729,인천락실내바다낚시터,,"수질 깨끗하고 물고기 방류도 어마어마 하게  많이 하기 때문에 다른곳보다도 많은 손맛을 볼수 있습니다
 사장님 내외분들도 워낙 친절하시고 낚시  처음 하시는 분들이 오셔도 사장님의 코치를 받으면 빈손으로 가지는 않을것입니다.
주위에 잘잡으시는 분들이 있으면 고기 수심이나 그날 잘나오는 미끼등 물어보시면 잘가르쳐주십니다..
강력 추천합니다
 "
730,인천락실내바다낚시터,,"다녀본 실내 낚시터 중 단연 최고입니다!
수질, 방류량, 다양한 어종 및 고기 사이즈 모두 만족스럽습니다.
단점은 탕속에 너무 고기를 많이 때려 넣는 것 같습니다. 정말로 물반 고기반 이네요
갈 때마다 망태기 터지도록 잡은 것 같습니다.
초보자들도 쉽게 접근 할 수 있고 가족이나 데이트 장소로도 좋을것 같습니다.
낚시터 내에 휴게 시설도 잘 되어 있습니다.
기분 좋게 만드는 사장님 내외의 친절함은 덤 입니다."
731,인천락실내바다낚시터,,수도권 바다실내낚시터를 한동안 돌아다니던 중 인천락을 알게되어 작년부터 계속 이곳만 다니고 있습니다. 제 느낌은 타 낚시터에 비해 조황이 확실히 보장된 곳이어서 금액을 떠나 마음 편히 즐기다 갈 수 있으며 회 맛도 매우 신선하고 좋습니다. 강력 추천 합니다
732,인천락실내바다낚시터,,"자상하신 사장님 사모님 친절 깔끔 다양한고기 물반고기반 주말을 기다리고 있습니다 
오늘도 역시 너무 즐겁고 행복한 하루 보내고 왔습니다"
733,인천락실내바다낚시터,,손맛보고 기분좋게 놀다갑니다
734,인천락실내바다낚시터,,손맛보고 왔어요~  농어는 내일 신랑이 스테이크 해먹겠다 그래서 포 떠왔어요ㅋ 
735,인천락실내바다낚시터,,"다양한 종류로 잡고 손맛도 느끼고 재미있었어요
매장이 깨끗하고 질나쁜 손님도 없었고 좋았어요"
736,일영한씨네,,"막바지 더위 피해서 왔는데 사람도 별로 많지 않고, 계곡이 바로 옆이라 수영장에서 놀 사람은 풀에서 놀고 계곡테서 놀 사람은 계곡에서 놀고. 좋네요. 어른 넷에 초등학생 한 명 왔는데 세트 하나가 적당하고 모자라는 건 무인 매점에서 컵라면이나, 과자, 음료 더 구입할 수 있어요.
일찍 왔더니 더 원없이 놀고 가겠어요~"
737,일영한씨네,,"아침에일어나  아점먹을겸 밥하다가  너무더워 네이버검색후  한씨내 계곡수영장을알게되어방문하게 되었답니다.....
아이들  바운서보자마자  바로입수해버리고
저흰 갈비세트를주문했어요~~
비쥬얼~~끝내주는데
맛은~~~더♡♡♡더더더더끝내주었답니다..
파전은 오징에듬뿍..
도토리묵 무침은 신선함이그대로 식감도 쵝오였어요..
네이버에 한씨내인기가많은지  직접체험하고왔답니다....위험하지도않아서 아이들놀기딱이고...보는엄마는행복그자체였답니다...
사진에올렸었는데  추가주문하러 앞으로갔는데 우연하게 식당을보게되었는데 너무너무깨끗했어요~~
화장실도 너무깨끗하고
매점도있어서  아이스크림도먹을수있어서좋았어요..
사장님  아주 화끈하셔서  모든오케이...
직원분들도 이더운데 친절하게 응대해주시고 
덕분에 행복하게보내고왔답니다."
738,일영한씨네,,"일요일 오전 9시 ... 성인4 어린이 2명 와서 자리잡고 음식은 세트 2개 시켰어요. 4인이 1세트라 자리가 좁아서 2세트 시켰고 덕분에 자리는 그나마 널널하게 사용했어요. 
음식중에 백숙보다는 갠튀로 오리로스가 더 나았어요.
수영은 직접 만들어 놓은 풀장 두 군데서 가능하고 계곡도 평상 아랫쪽으로 연결됐는데 ..날씨가 워낙 더워서 계곡물이 너무 따뜻할정도 였어요. 그래도 아이들은 참좋아했습니다. 미끄럼틀에서도 잘놀았고요.. 
음식도 대부분 맛있는편인데 가스불 켜야하는 음식 뿐이라.... 너무 더워서 힘들긴했어요. 그리고 음식이 9시에 도착 주문했는데 11시에 나왔어요..;😂
아쉬운 점은 화장실에 휴지가 없고  화장지를 매점에서 사라고 써있는게 좀.. 그랬습니다. 주차장도 넓어서 편리했어요. "
739,일영한씨네,,"가족 모임으로 방문했어요
자리 넓고 수영장도 크고 계곡도 좋아요
갈비, 삼겹살, 백숙 시켰는데 맛있게 먹었어요~
애견동반 가능해서 강아지랑 같이 방문했고 계곡에서 리트리버 한마리가 혼자 노는데 상주견인거같아요 물에서 아예 나오질 않고 아이들이랑 놀더라구요!
잘 놀고 갑니다😃"
740,일영한씨네,,아이들 데리구 갈수있는곳 검색하다가 찾았는데 와서 놀아보니까 너무좋네요 아이들도 너무 좋아하고 ...생각보다 시원하고 바로옆에 계곡도있어서 더 시원하네요. 여름끝나기전에 한번 더 와야겠어요
741,일영한씨네,,"한씨네는 처음 인데 리뷰만 보고 왔는데 
최고예요👍👍👍👍👍사장님 직원들 모두 친절 하시고 닭볶음탕 도토리 묵 무침 해물파전 거기다 밑반찬 4가지 안맛있는게 없네요❤️❤️단골 찜입니다ㅋ늦게 와서 더많이 못놀고 가서 아쉽네요ㅠㅠ"
742,일영한씨네,,휴가날인데 일이너무바빠 가까운데로 갔다오기로했어요가볍게 다녀올수있는곳으로 알아보니 딱제가 원하던곳이였어요 첫번째 아이들이놀수있는 수영장과  어른도 놀수있는 수영장도 있어야했고두번째는  계곡도 있어 물고기잡이와 다슬기도 잡을수있곳세번째는 깨끗한샤워장과 화장실을 갖추고있는곳이여야 했어요와보니 너무너무 만족 그자체였어요제가 원하던 기준을 모두 갖춘곳인데음식까지 너무 맛있었어요물어보니 메인음식은 물론 밑반찬까지모두 손수만드신다하네요~~~앞으론 여름철마다 매년 올거같아요조만간 여름가기전 부모님들 모시고 다시한번올께요!!^^감사히 잘놀다갑니다
743,일영한씨네,,"늦으면 자리없을까봐 일찍출발해서 9시 20분에 왔어요.ㅋ
저희가 첫번째 방문객인듯 했어요ㅎㅎ
계곡도 가깝고 수영장도 가까운자리 선점했어요.
뭐 챙겨올것없이 밥도여기있고 애들도 부모들도
천국이네요ㅎ
아이풀장이라 어른풀장따로있는데 140센티미만은
어른풀장에서는 구명조끼필수요!
매점도있어서 불편한거없이 다사고 편하게 즐겁게놀다왔어요!ㅎ사장님도 너무친절하셔요.
일찍오셨는데 좋은자리로 내주신다며 저희가 처음 앉은자리보다 더 좋은자리주셔서 감사합니다♡
재방문 하고싶은곳이에욥ㅎ
"
744,일영한씨네,,"여름을 맞이하기에 최적의 장소입니다
세트메뉴 구성이 4인가족 기분좋게 먹기에 좋았어요.
더운데도 친절한 직원분들 감사합니다 ♡"
745,일영한씨네,,"여기 너무 좋아요~~~>..<
음식도 너무 맛있고 계곡뷰에 수영장도 있어 애들하고 신나게 놀고 있습니다 
아직 물놀이 못했다면 서울에서 멀지 않은 한씨네 추천합니다 👍👍👍👍"
746,장광낚시터,,"무지개 송어는
잘나오는데
작아요."
747,장광낚시터,,좋아요
748,장수논개수상레저,,"가평에만 빠지가 있는줄 알았는데 전북 가까운 장수에도 있다니!! 휴가철이 거의 끝나고 평일이라 저희 밖에 없어서 조금 아쉬웠지만 놀이기구도 너무 재밌었고!! 사장님, 직원분들도 친절하시구~ 재밌게 놀다왔어요~ 다음에는 친구들 인원 더 많이해서 가려구요ㅎㅎ 웨이크 보드도 도전해보고 싶네요ㅎㅎ😊"
749,장수논개수상레저,,"워터슈즈❌ 워터삭스⭕️ 다이소에서 워터슈즈 사갔다가 출입불가 되어서 “삭스”로 현장에서 구매했어요. 발바닥이 딱딱한 재질로 되어 있는 건 출입 불가!!!
놀이기구는 완전 추천해요, 날씨 좋은 날 시원하게 즐길 수 있어서 좋았어요! 사장님도 굉장히 친절하시고, 우리끼리 재미나게 놀 수 있어서 굿~! 경치도 좋아서 계속 보트만 타고 싶었어요... 비싸지만 재밌었어요.
바베큐도 했는데 숯불도 피워주시고 편하게 즐겼어요 바베큐는 한번 경험으로 만족! 물놀이는 또 방문할 것 같아요! 재밋다...헤헤"
750,장수논개수상레저,,"진~~짜 재밌게 놀다 갑니다!!
다음에는 웨이크 보드 배우러 올게요😉
오늘 인원이 많았는데도 불구하고 오래 기다림 없이 바로 탈수 있고 자연스러운 회전율에 지루할 틈 없었습니다💓"
751,장수논개수상레저,,빠지 처음와봤는데 너무 재밌네요ㅋ 사장님 직원분들도 너무 친절하시고 기구들도 다 재밌어요ㅋ  친구들과 좋은 추억만들고 가요ㅋ
752,장수논개수상레저,,"저희는 놀이기구 2종으로 구매하고갓습니다.
현장에 가니 네이버 예약보다 현장 구매가가 더 저렴하더라구요(현금가일듯??)
네이버 수수료때문이라고...
가실분은 참고하세요~

아쿠아 슈즈로는 입장불가.
전용 양말을 사야한다고하고.. 1컬레 7천원

그리고 3종부터 테이블, 구명조끼 대여 공짜라고
1종 추가시 1인당 15000원이라고 했는데 
저희는 2종 그대로 하고 테이블만 빌리고 구명조끼는 개인꺼 있어서 저희꺼 사용함
테이블 추가비용 2만원 

친절하고 재미도 있었으나
부가적으로 돈을 더 써야하는 부분이 자꾸 생기는게 별로인것같아요~
그런 추가적으로 결제해야하는부분은 공지를 해놓으면 좋을것 같네요"
753,장수논개수상레저,,"카운터 여직원 불친절..
워터파크 시설 조그맣고 놀이기구는 빨리 탈수있다는 점 외에는 장점이 없네용 "
754,장수논개수상레저,,완전 재밌게 놀다갑니다♡♡♡
755,장수논개수상레저,,조아요
756,장수논개수상레저,,굿
757,장수논개수상레저,,굿
758,장호어촌체험마을 투명카누,,"한국에 나폴리 장호항에 다녀왔습니다
추운겨울이라 사람이 없을줄 알았는데 여행중인 가족도 데이트하는 커플도 있었어요
여름처럼 체험은 못했지만
바다도 너무 예쁘고 
물도 깨끗해서 바다 속 까지다 보이고
여름에 꼭 다시 오고 싶은 곳 입니다"
759,장호어촌체험마을 투명카누,,"물이 어쩜 이렇게 투명할 수 있는지요..! 카누 타고 직접 바다 한가운데로 들어가니 물고기 지나가는 것도 보이고, 재미나게 노 젓다 왔습니다."
760,장호어촌체험마을 투명카누,,"바다 체험낚시 1인에 2만 5천원에서 3만원 가량함 (2시간)

생각보다 여기저기 안다녀서 뭔가 했는데 나름 물고기를 잡아서 그러려니함 ㅎㅎ
 동해간김에 체험해보는거 추천합니다 
어린 학생들도 부모님이랑 체험하는거 보니 
선장님이 태워주시면 거능할꺼같기도하네요 

2시간에 3만원 가량 , 구명조끼 ,낚싯대 포함이니 
체험해보시길요^^"
761,장호어촌체험마을 투명카누,,"강원도 장호항 럭키낚시 추천요
낮에 스노쿨링하고 전날 급하게 전화드렸는데도 마침자리가있어서 예약하게되었는데...친절하신 사장님 너무 잘놀고 갑니다^^ 가자미 2시간 체험하고 회도떠서 근처 횟집서 먹고 갑니다~ 재방문 예정입니다~"
762,장호어촌체험마을 투명카누,,"날이 차다해서 걱정했는데 물도맑고, 놀수있을만큼 온도였어요! 사람이 많긴했는데 극성수기만큼은 아니였어요. 티비에서 보는것처럼 물고기떼가 다니는건 아니지만 입구쪽말고 좀 나가면 잘보여요! "
763,장호어촌체험마을 투명카누,,"구명조끼는 무조건 입어야 하고 대여 가능해요.
바위가 많고 미끄러워서 아쿠아슈즈나 신발을 신고 들어가야 할 것 같아요. 물이 너무 차서 30분도 못놀아서 아쉬웠어요. 점심 때 방문했는데도 평상은 매진이었어요. 평상은 한번 대여하면 시간제한이 없어서 오픈런 하지 않으면 빌리기 어려울것 같아요."
764,장호어촌체험마을 투명카누,,"최악의 경험!
진심으로 비추합니다. 차라리 옆에 다른 항구가 더 다양하고 이쁨~

돈독이 올랐는지 하나하나 다 돈이고(같은 리뷰 많음)
왜 자연을 자연스럽게 못즐기게 하는지..!!
돈내면 친절하기나 해야지 빈정거림에 안전도 무방비.
유명해졌다고 돈받고 장사할 생각만 가득한 곳 같네요.
강원도, 삼척, 어촌.. 전부 비호감으로 바뀌게 한곳!"
765,장호어촌체험마을 투명카누,,"4년째 휴가를 장호항으로 가요.
물 깨끗하고 상인분들 친절하시고
주변에 둘러볼 곳도 많아요.
경관이 좋아서 사진을 아무렇게나 찍어도  
너무 예쁘게 나와요."
766,장호어촌체험마을 투명카누,,"동해안 스노클링 최고 명소입니다. 
청정 삼척 바다에 빠져보세요"
767,장호어촌체험마을 투명카누,,"비도 살짝 오고 안개도 꼈지만 그마져도 분위기 있고 좋았어요 날씨 맑은 날엔 바다 속도 잘 보이겠죠?
한번쯤 타 볼 만합니다
한여름에 스노쿨링 하러 또 방문 예정입니다~"
768,정성레저낚시터,,"우럭은 거의 키로급입니다 고패질만
열심히 한다면 손맛과 입맛은 보장합니다"
769,정성레저낚시터,,우럭 손맛과 입맛 아주 좋습니다
770,정성레저낚시터,,회칸 실장님 솜씨는 예술입니다 우럭 회 맛나요
771,정성레저낚시터,,입질만 좋았으면 담에는 나아지겠죠
772,정성레저낚시터,,좋아요~
773,정성레저낚시터,,굿
774,정성레저낚시터,,우럭사이즈 엄청나요
775,정성레저낚시터,,친절해서좋아요
776,정성레저낚시터,,굿
777,정성레저낚시터,,굿
778,조부장 바다낚시터,,"생각보다 비린내 심하지 않았어요~ 사장님들 친절하시고, 낚시 오신 다른 손님들도 이것저것 친절히 알려주셔서 재미난 경험이었어요~^^ 초보라 낚시대 3개로 한마리밖에 못잡았지만~ 옆에서 낚시하시던 분이 한마리 주셔서 2마리 회떴네요~^^ 재밌었어요~^^"
779,조부장 바다낚시터,,가끔 이용합니다.
780,조부장 바다낚시터,,랍스터 다시 한 이후로 고기는 방류량도 별로고 입질도 없네요
781,조부장 바다낚시터,,늘 미끼 고민을 하다 지렁이산 후에 새우도 추가로 구매했는데 이날은 지렁이가 더 잘 물었던거 같네요
782,조부장 바다낚시터,,가끔 방문해서 물고기 잡으며 힐링합니다.  
783,조부장 바다낚시터,,나오는 곳만 나오는데 자리 잘 선택해야할듯
784,조부장 바다낚시터,,넘 ~^^좋았어요ㅋ
785,조부장 바다낚시터,,"와 ... 진짜 낚시대 대여하면서 찌 빳데리에 바늘까지 팔아묵고,  슬쩍 비싼 미끼 팔아 처묵고..   물고기 꼴랑 2마리나왔는데  물에 넣을때쓰는 어망까지 사서 써야하네 진짜 이런 실내바다낚시 최악이고 여러군데다녀봤는데 최악임  그냥 가까운곳으로 가는게  나음..  진짜 다시는 안간다"
786,조부장 바다낚시터,,굿
787,조부장 바다낚시터,,굿
788,주봉낚시터,,^^
789,주봉낚시터,,실망이 너무큼
790,주봉낚시터,,안잡혀요 ㅠㅠ
791,주봉낚시터,,.
792,주봉낚시터,,
793,주전항,,3층탑 모양의 빨간 등대가 이색적이예요 주전마을쪽 입구에 있어 스쳐지나가기 쉽지만 짧은 산책로와 함께 있어 잠시 걷기 좋아요
794,주전항,,
795,차귀도요트,,이번 여행은 차귀도!! 엄마랑 반려견과 함께 할수 있는 요트는 차귀도가 유일하다고 확인한후 차귀도 가서 요트 타려했는데 여행 첫날부터 비행기 연착 1시간 반이나 되고 바람이 너무 쎄서 첫날 빠듯하게 오전 시간대에 타려던건 못타고 목요일 오전11시대꺼로 탔어요 선셋투어랑 고민을 좀 했는데 일찍 타고 다음 여행지로 아동하려 오전에 예약함 일찍 서둘러 운전해서 도착! 엄마랑 우리만 예약을 하는바람에 원래 한팀은 투어 않하신다고 하셨는데 중간에 전화를 못받는 바람에 저희만 단독으로 투어했네요 좀 죄송하기도 했고 감사했어요 ^^적절한 설명과 함께 사진도 찍어주시고 출발후 얼마 않되서 돌고래 한마리도 봤는데 못볼거 상각했던거라 한마리라도 우릴 반겨줘서 좋았고 신기했어요 차귀도 주변을 한바퀴 도니 또다른 매력이 있네요
796,차귀도요트,,"제주도에서 특별한추억을 만들고 싶어 선택한 차귀도요트투어.직원분들도 넘 친절하고시고 무엇보다 요트가 넘 깨끗하고 간단한 간식거리와 음료, 담요도 있어 넘 좋았습니다.
아쉽게도 돌고래는 못보않지만 경치가 너무좋아 그것만으로도 충분히 힐링이 되었습니다.
좋은추억 만들어 주셔서 감사합니다^^"
797,차귀도요트,,"안했으면 후회 할 뻔한 시간이었어요
모두 친절하셨고 돌고래는 못봤지만 온 식구들 만족하였습니다. 설명도 잘 해주셔서 전혀 지루하지 않았습니다. 강추예요 다음에는 선셋투어 신청해보려합니다."
798,차귀도요트,,"가격이 다른곳보다 좀 있었지만 후회없는 선택~
사장님이 너무 친절하시고 보트도 너무 멋지고
차귀도 석양은 끝내주고 승선 내내 흐르는 음악은
감성 만배!! ㅎㅎㅎ 고민중이시라면 선택하세요~
선장님 조언대로 찍는다면 인생사진을 건질수 있어요 ㅎ"
799,차귀도요트,,"일몰이 진짜 예술입니당,,💦 마음이 몽글몽글
가족끼라 좋은 추억 만들고 왔어요 ㅎㅎ
섬에 대해 설명도 잘해주셔서 좋았습니당!
가게에 멍뭉이 너무 기여어여🤍"
800,차귀도요트,,"가족여행으로 석양 투어 다녀왔습니다.
구름에 해넘이가 가려 최고로 멋진 풍경은 못봤지만 
그래도 예쁜 석양 볼 수 있어 좋았습니다. 제주 날씨가 좋아서 바다바람 맞아도 많이 춥지않아좋았어요.
친절하고 사진도 잘 찍어주셔서 만족했던 투어였어요!"
801,차귀도요트,,"17일 오후에 다녀갔던 갓스무살 여학생들입니다!! 수능 끝나고 친구들과 추억을 남기기 위해서 차귀도요트투어를 오게되었는데, 잊지 못할 인생의 한 페이지가 남겨진 것 같아요. 요트에서 틀어주시는 팝송과 노을이 너무 완벽했고 친절하신 선장님들, 사장님 덕분에 더욱 행복했던 추억이 된 것 같습니다. 친구는 물론 연인과 가족끼리 와도 정말 좋을 것 같아요🥹 앞으로 제주도 여행 오면 여긴 무조건 오기로 했어요!!ㅎㅎㅎ 요트를 다 타고 숙소로 돌아가는 길에서도 너무 좋았다는 말만 백번넘게 한 것 같아요 ㅋㅋㅋㅋ❤️❤️ 이런 좋은 풍경을 보여주신 선장님께 감사하다는 말 밖에 안 나옵니다…ㅠㅠ 그리고 저녁 늦은 시간에 택시가 안 잡혀서 숙소에 어떻게 돌아가나 막막했는데 사장님께서 태워다주셔서 안전하게 돌아갈 수 있었습니다ㅠㅠ"
802,차귀도요트,,멋진풍경을 배경으로 사진을 찍으며 즐거운 시간 보내고왔습니다^^
803,차귀도요트,,"엄마의 생신 기념으로 선택한 차귀요트 투어~~^^ 
갑작스런 배탈로  엄마는  못 타시고 손자 넷이 더 신이 나서  즐겼답니다.
차귀도 섬 설명을 맛깔나게 해주시고 아이들 안전도
세심하게 챙겨 주셨어요. 요트 안에  과자와 음료도 있어  정말  좋았어요 
푸른 바다, 물빛이  너무나 멋있어 가만히 앉아 보고 만  있어도 절로 미소  지어졌답니다 . 정말   다들  꼭 한번 타보세요!! 
다음엔  스노쿨링 투어 하러 다시 방문 할께요~~♡♡"
804,차귀도요트,,"너무 친절하셔서 요트 타기 전부터 기분이 너무 좋았습니다 멀미약과 간식거리도 챙겨주시고 감사합니다 친절한 안내와 섬 설명, 사진촬영까지 정성을 다해주셔서 완벽한 힐링여행이 됐습니다 날씨가 흐림에도 불구하고 멋진 하늘과 바다를 만끽할 수 있었습니다 너무 좋은 추억 남기고 갑니다☺️🌸"
805,청아투명카약,,이날 애월 카페거리 갔다가 우연히 다른분들 하고있는걸 보고 홀린듯이 가서 체험하게 되었어요~~~결제하니 장부를 보여주시면서 날씨때문에 3월 중순이후로 한번도 못하다가 그날 처음 개시하던날이라면서 아무 날에나 할수없는데 행운이라고 하시더라구요 정말 럭키!넘넘 좋았어요~~
806,청아투명카약,,비가 추적추적 내려서 못탈까봐 너무 걱정했는데 우비도 공짜로 주시고ㅎㅎㅎ 재미있게 잘 타고 왔습니다 겁이 많은 편인데 안전하게 잘 잡아주시고ㅎ 넘 좋았습니다~
807,청아투명카약,,아이들데리고 탈수있어서 좋아요 ㅎㅎ 삼촌들이 매우 친절하구요 ㅎㅎ 투명이어서 아래를 내려다볼수있고 초딩들은 매우즐거워할거같아요 !!! 
808,청아투명카약,,"어른도 아이도 즐거워했어요. 

우도에 가니 30분에 2만원입디다. 

어른이 잘 저으면 되니 뒤의 아이는 노젓기를 못해도 상관이 없었어요. 

무릎까지 걷을 수 있는 바지를 입어야
안 젖고 나올수 있습니다. "
809,청아투명카약,,최고에요 바다도 너무예쁘고 카약 하시는 사장님들 너무 너무 친절하세요! 바다가 막 에메랄드 색이고 투명카약이라 밑에도 다보여요! 사장님들이 설명도 잘해주시고 친절해서 너무 좋았어요❤ 다음에 또 갈거에요!
810,청아투명카약,,"너무 즐거웠습니다 
첨에 서툴러서 많이 헤맸는데 잘 알려주셨어요
물속도 투명하게 보이고 뷰도 좋고 파도도 잔잔해서 위험하지도 않고 아이와 즐거운 시간을 보냈습니다
담에 또 올께요 잘 알려주시고 친절히 대해주셔서 너무 감사했습니다!!!!"
811,청아투명카약,,스릴 있습니다. 평소 멀미를 잘하시는 분은 멀미약을 드시고 타는 걸 추천 드리고 카약은 평소 관리를 잘하시는 것 같습니다 등받이 의자로 되어있어 앉아있기 편합니다. 아이들이 매우 좋아했습니다 더 타도 싶다고 했는데... 엄마인 제가 멀미가 나서 더 못탔습니다 30분 짧지 않은 것 같습니다 🤣
812,청아투명카약,,"인솔하시는 분이 너무 소리치고 윽박질러서 좀 불편했어요. 중국인들이 말을 잘 못알아듣는 게 정상인데 대놓고 ""바보들, 멍청하다""는 얘기를 하고...씌원주는 비닐치마도 노젓다보면 양쪽으로 젖혀져서 소용이 없습니다. 한 번 체험으로 해볼만 했네요"
813,청아투명카약,,"아이둘이랑 같이 탔는데 엄청 좋아했어요
주말이라 대기할까봐 걱정했는데 바로 탈 수 있어서
좋았고 안내도 빨리해주시고 아이들 천천히 하라고
계속 말씀해주셔서 감사했어요.
맑은바다에 투명카약~
꼭 타보세요 너무 좋아요~"
814,청아투명카약,,"길걷다가 우연히 하게되었어요
30분동안 할수있지만 멀미 하는사람은 오래 못탈꺼같아요
그리고 노 젓기가 은근 체력을 요합니다 ㅎ"
815,충주 포세이돈 수상레저(포세이돈수상스키장),,"가족끼리 진짜 너무 재밌게 놀다가요🥰 가평 반바퀴 돌때 여기는 그만 태워주세요 할만큼 태워주시네요 ㅋㅋㅋㅋㅋㅋ진짜 짱입니다 ㅎㅎ 사장님들도 너무 친절하고 졸귀탱 희망이 강아지있어요ㅠ 풍경도 좋고 이쁜
경치에서 음식반입도 되서 맛난것도 먹고 ㅎㅎ 다음에는 수상스키 꼭 타보고싶어요 
가평은 물이 너무 더러워서 피부 트러블 나고 그러는데 여기는 물도 깨끗하고 좋아요!! 충주오시면 포세이돈 완전 추천!! 다음에 또 올게요 사장님~~~"
816,충주 포세이돈 수상레저(포세이돈수상스키장),,"비 오는 날씨여도 안전하게 놀기 좋아요~
날씨 좋은 날은 더 재밌게 놀수 있을거 같아요!!!
안전한 워터파크 이용을 위해 아쿠아삭스는 필수 착용이라고 합니다~!! 
놀이기구 5가지 있고, 카약도 탈수 있고 패들보드도 탈수 있어요. 웨이크보드랑 수상스키도 배울수 있는데 주말엔 사람이 많아 놀이기구 이용하는게 좋을것 같아요.
친구랑 가족이랑 같이 물놀이 하기 좋은 곳이예요."
817,충주 포세이돈 수상레저(포세이돈수상스키장),,우리 애기 노는 모습이 보기 좋았어요 보드도 구체적으로 알려주시고 맛있는 간식도 많이 팔아서 신나게 놀고 애기들 배도 채우고 일석이조입니다. 그리도 여기 알바생들도 되게 잘생기시고 친절해요☺️
818,충주 포세이돈 수상레저(포세이돈수상스키장),,비왔는데도 재미있고 물도 너무 맑고 탈것도 많고 장마 인데도 걱정없이 재밌게 놀다 갔습니당 그리고 강아지가 너무 귀여웠어요 오시면 꼭 강아지 보고가세요😁
819,충주 포세이돈 수상레저(포세이돈수상스키장),,"재밌게 놀다 왔어요
비가 와서 물에 부유물이 좀 있지만 다른곳보다는 
장마기간이여도 물이 깨끗해요.
"
820,충주 포세이돈 수상레저(포세이돈수상스키장),,"물은 충주호 물이라 그런지 맑아요
다만 안전관리가 아쉬웠어요
입장때 구명조끼 입게 하는데 어떤 아줌마가 구명조끼 벗고 애기랑 카약탄다고 하다가 빠져서 허우적대서 다른 손님들이 구해줬는데
애초에 수영도 못하는데 벗고 탄 손님이 잘못이긴 하지만
그쪽에 직원분이 안계셔서 아쉬웠어요
그 외에 시설들은 재밌어요"
821,충주 포세이돈 수상레저(포세이돈수상스키장),,아이 데리고 갔는데 엄청 신나해요. 성인들끼리도 많이 오네요. 자연에서 이런 활동하니 색다른 맛이 있네요. 안전요원이 잘 안보이는 건 좀 아쉬워요.
822,충주 포세이돈 수상레저(포세이돈수상스키장),,굿
823,충주 포세이돈 수상레저(포세이돈수상스키장),,컵라면을 사가는게 좋아요
824,충주 포세이돈 수상레저(포세이돈수상스키장),,굿
825,칠봉산 낚시터,,"양주 갈때마다 꼭 들려서 먹는장소입니다
닭볶음탕 너무너무 맛있어요 
반찬도 맛있어요 "
826,칠봉산 낚시터,,"접근성과 주차장 여럿이 모임하기 너무 좋아요
더운날 그날막도 있어 발 담그고 놀기 최고입니다 과일 간식 가져와서 먹을수 있어 그것도 괜찮네요"
827,칠봉산 낚시터,,시원한게  한여름  보낼수 있어서  좋아요
828,칠봉산 낚시터,,새로운경험...솥뚜껑매운탕 맛있어요
829,칠봉산 낚시터,,"비오는 주말에 백숙 먹고왔습니다.
국물이 진하고 닭도 큼직하고 맛있었습니다.
에피타이져로 먹은 묵과 골뱅이도 짱!맛있었어요.
낚시터와 캠핑장까지 하고 있어서 여러모로 찾아오시면 좋을 것 같아요.
비가와서 둘러보지는 안았어요."
830,칠봉산 낚시터,,.
831,칠봉산 낚시터,,^^
832,칠봉산 낚시터,,좋아요
833,칠봉산 낚시터,,"8월 5일 금요일 방문했어요. 11시쯤 도착해서 시원한 자리에 자리잡았구요.  오리백숙, 삼겹살바베큐구이, 해물파전, 라면까지 먹고 왔어요. 오리백숙 담백하고 맛있어요. 국물맛 좋구요.  삼겹살은 통으로 구워서 나오는데 기름 쫙 빠지고 구워지니 맛있네요.  기본반찬도 다 맛있게 잘 먹었네요.^^ 평일이라  여유있게  계곡에서 발담그고 놀다왔어요.  주말에는 사람도 많고  음식주문도 늦을듯하네요.    시원한 계곡물에  발담그고 잘 놀다왔어요~^^   예약은 필수에요~~  따로 써쿨레이터랑  리드선 챙겨가서  시원하게 있었네요."
834,칠봉산 낚시터,,좋아요
835,키즈돌핀 서대문DMC점,,"선생님도 직원들도 좋으세요
그런데
운전하시는 분들 안전운전 해주시면 좋겠어요 ㅠㅠㅠ 드라이실에서 아이들 통행하는데 다리뻗고 계시고 책상에 발 올리고  신발끈 묶고…등등 기본 좀 지켜주시길!!
"
836,키즈돌핀 서대문DMC점,,아이수영강습다닙니다
837,키즈돌핀 서대문DMC점,,친절하게 잘 가르쳐주세요. 아이들도 좋아해요^^
838,키즈돌핀 서대문DMC점,,아이 수영교육하러다녀요
839,키즈돌핀 서대문DMC점,,"5대1 수업되고나서 만족도 살짝 떨어짐 그러나 주변에 여기만한 곳이 없어서 다니긴 하는데 , 가격을 올리고 4대1 이 나았을 거 같은게 개인적인 의견… "
840,키즈돌핀 서대문DMC점,,선생님도 좋으시고 신경을 많이 써주심이 느껴집니다.
841,키즈돌핀 서대문DMC점,,온수풀로 춥지않고 아이들을 잘 가르쳐주세요
842,키즈돌핀 서대문DMC점,,네
843,키즈돌핀 서대문DMC점,,물을 무서워하던 아이가 수영이 늘었어요. 선생님들이 아이의 성격에 맞춰서 잘 가르쳐주세요 ~
844,키즈돌핀 서대문DMC점,,굳
845,키튼드림센터,,굿
846,키튼드림센터,,"아이들이 수영 강습 받고 싶다해서 등록했습니다.
자유수영으로 몇번 가본 곳이라 아이들이 익숙해 하고
강사님들도 친절 하신것 같아요~
셔들이 있지만 부모님들이 동행하는 분들이 많이 보였습니다.
집근처 가까운 곳보다 합리적인 강습비에 셔틀 운영 지역이이 아님에도 불구하고 강습신청 했습니다.
인원 제한이 있어 자리가 잘 안나와서 대기 하다가 겨우 신청 했습니다.
아이들이 즐겁게 수영을 배울수 있어서 좋아요!!"
847,키튼드림센터,,늘 친절히 아이들을 잘지도해주세요~
848,키튼드림센터,,👍🏻
849,키튼드림센터,,👍🏻👍🏻
850,키튼드림센터,,좋아요
851,키튼드림센터,,너무좋아요 
852,키튼드림센터,,일요일에도 하는 수영장이에요!!관리 잘되고 너무 좋아요!
853,키튼드림센터,,ㅎㅁㅎㅇ
854,키튼드림센터,,즐거운 시간 보내고 있어요 ㅋㅋㅋ
855,킹카누 나루터,,"상상했던것보다 훨씬 행복하고 벅차는 경험이었습니다.
제가 패러글라이딩하고 너무 행복했었는데,  그때만큼 소중한 추억이 생겼어요.
 배에 타신 직원분께서 너무너무 즐겁고 세심하게 얘기도 잼있게 해주시고 사진도 정성스럽게 다 찍어주셨습니다. 정말 춘천을 사랑하시는게 느껴졌어요.
가격도 너무 저렴해서 이렇게 감사한 마음에 후기라도 남깁니다.
정말 꼭 한번 해보세요^^"
856,킹카누 나루터,,"우선, 잼있습니다!!!
춘천의암호 및 주변 지리에 대한 가이드님의 설명을 들어가며 노를 젓다보니 순식간에 시간이 지나더군요~ 아이들과 함께 해도 안전한 체험이라 생각합니다! 다음에 춘천가게 되면 또 들려보렵니다!"
857,킹카누 나루터,,"비소식이 오락가락해서 걱정이 많았는데, 시간도 편안하게 변경해주시고, 물에 대한 두려움이나 어려움 없이 안전하고 즐겁게 잘 진행해 주셨어요. 춘천을 찾은 친구들이 킹카누 덕분에 올 가을 추억 중 으뜸이라며 모두 즐거운 엄지 척을 보냈습니다. 소비자 입장에서 친절하게 응대해 주시는 모습이 최고였습니다. 감사합니다 ."
858,킹카누 나루터,,"올해 두 번째 타봅니다.
계절이 다르니 느낌이 다르네요^^
물도 깨끗하고 안내도 친절하게 잘 해주셔서 좋았습니다.
카누 탄 후에 둘레길 돌아보는 것도 좋네요.
종종 타고 싶네요^^"
859,킹카누 나루터,,"아이들도 너무 좋아하고 뷰가 진짜 멋져요. 춘천 관광포인트나 명소, 김유정에 관련된 이야기까지 설명해주시는 분의 이야기도 아주 재미있었구요.
춘천에서 꼭 들러보시라고 추천하고 싶어요"
860,킹카누 나루터,,"춘천에 카누가 2종류 인데.
여긴 투어형식의 카누이고, 탑승인원이 6-8인 정도 됩니다.
인원댜로 타기에 모르는 사람과 함께 인원에 맞춰 탑니아.

커플이라면 좀 불편하거나 재미는 없을거고, 좀 큰아이들도 노를 젓는게 없어서 재미는 없을 수 있어요.

투어 형식이고 인원이 많이 탈 수있는 장점이 있으니 가족단위 체험에 유리한 곳입니다.^^
"
861,킹카누 나루터,,"설명도 해주고 사진도 찍어주고 한번 타 볼만해요!
"
862,킹카누 나루터,,"평일에 4인가족 방문하여 한적하게 잘 놀다 왔습니다. 주변에 여러 카누 프로그램 진행 업체가 있어 알아보다가 ""킹카누""를 선택한 이유는 성인2,초등5학년,중1학년 이렇게 4인가족이 협소한 카누에 체중제한으로 타지 못할까봐 걱정해서 였고, 아이가 무서워 하지는 않을까 였습니다. 하지만 이용해본 결과 킹카누에 부착된 ""보조 보트"" 덕분에 흔들림이 적고 강물의 파동에 좀더 안정적으로 움직일 수 있어서 아이도 재미있어 했습니다. 결정적으로 자상하고 친절하신 ""킹스맨""님의 동승 덕분에 훨씬 재미있는 체험이 되었습니다. 너무너무 감사합니다 ""킹스맨""님! 가을에 멋진 경치 다시한번 보러 가게되면 그대도 꼭 이용할게요!"
863,킹카누 나루터,,너무 멋진 체험이었습니다~ 담에 또 방문할게요 ㅎㅎ
864,킹카누 나루터,,"물맑고 시원하고 좋았습니다^^
네이버 예약 이용하시면 편안하게 이용하실 수 있습니다~
카누가 커서 편안합니다^^"
865,탄천종합운동장 수영장,,시설이 좋아서 또 방문합니다
866,탄천종합운동장 수영장,,"잠실에 사람이 너무 많고 비싸서 알아보다가 찾아갔어요~ 버스 정류장 내려서 밑에 탄천으로 내려가야 하는데 운동장으로 올라가는 바람에 한참 걸렸네요
엄청 추운 날이라서 그런지 사람이 10명정도밖에 없어서 여유있게 두타임 타고 왔고 떡볶이랑 오뎅이랑 회오리 감자도 먹고 왔는데 만원정도,, 후훗
딸이랑 만원의 데이트 하고 왔어요^^
"
867,탄천종합운동장 수영장,,알바생들도  엄청 친절하고  간식도 맛있어요
868,탄천종합운동장 수영장,,자유수영 좋다.쾌적하고~
869,탄천종합운동장 수영장,,좋아요.
870,탄천종합운동장 수영장,,깨끗하고 이용에 편리해요~
871,탄천종합운동장 수영장,,좋잉ᆢㄱ
872,탄천종합운동장 수영장,,찬자람 나니 사람이 적어 넘 좋다
873,탄천종합운동장 수영장,,.
874,탄천종합운동장 수영장,,자유수영 조아 쪼아
875,탑코리아수상레저,,"내생에 첫 웨이크보드 ^^ 2024년도에는 시도해보자
했는데 초보이벤트로 저렴하게 이용하다가요 
여기 초보맛집임... 운동이란건 해본적없는 저를 
물위에 서있을수있게 해주시는지 ...말씀하시는거 귀에쏙쏙 들어왔어요 !몇번 더 타면 바로 중급갈수 있을꺼같아요 ㅎ.ㅎ비오는날이였지만 운치도있고 무엇보다 너무편하게대해주셔서 저 여기 단골인줄알았잖아요 ㅎㅎㅎ
자주자주 올께요 너무 만족스러웠어요 
이벤트해서 다른곳보다 저렴한데 디테일하게 알려주셔서 이득보고 가요 재미있었습니다 !"
876,탑코리아수상레저,,"잘놀다 갑니다
근데 강사님 선택 잘해야됨!!
리암니슨 닮은 강사님 짱😊"
877,탑코리아수상레저,,장놀다갑미다
878,태용래프팅,,즐겁게 재미있게 행복한 날
879,포세이돈마린레저,,"사장님이랑 직원분들 전부 엄청 친절하세요
물도 깨끗하고 시원하게 잘 놀았습니다! 부산보다 훨씬 많이 끌어주시고 강이 아니라 바다라서 더 멀리 나갈 수 있어서 좋았어요 진심으로 태워주시니 다음에도 또 올게요"
880,포세이돈마린레저,,"재미있게 잘 놀다 갑니당ㅎㅎㅎ
직원분들 츤츤ㅎㅎ
"
881,포세이돈마린레저,,"너무 재밋게 놀았어요~~
3번째 방문인데 또 가고싶어요"
882,포세이돈마린레저,,"아이들 재미나게 해주려고 패키지선택하고,
놀다왔는데.,아이들하고 후기이야기하다가 패키지에서 한종목이 빠져서 전화드렸더니.
친절하게  빠른 환불해줬어요~ "
883,포세이돈마린레저,,"가족들과의 여행에서 재밌는추억 쌓았습니다^^
목도다쉬고 온몸에 근육통을 얻었지만ㅋㅋㅋ다들 만족해했어요!"
884,포세이돈마린레저,,부산에서 여름 휴가로 남해로 왔다가 해양 레저는 한 번도 해보지를 않아서 찾아보다가 포세이돈 마린 레저가 있어서 이 곳을 오게 되었습니다. 처음 안내해주시는 여사장님께서도 너무나도 친절하게 안내해주셔서 기분 좋은 마음으로 입장을 하게 됐는데 일하시는 안전요원분들이 너무나도 친절하게 항상 웃으면서 같이 즐겨주셔서 너무 감사했습니다. 마치 친구랑 같이 온 기분이 들어서 더더욱 좋았습니다. 어린 친구들부터 성인들까지 하나하나 다 맞춰주시는 모습이 너무 감동이었습니다. 그리고 대표님도 수상 레저 태워주시면서 너무 잘 탔다는 칭찬과 항상 안전에 신경쓰시면서 태워주신 게 너무 감사했습니다. 여자친구랑 남해에서 좋은 추억 만들어 주신 직원분들께 진심으로 감사드리고 더더욱 번창하시길 바랍니다. 포세이돈마린레저 강추입니다!
885,포세이돈마린레저,,"너무 재미있게 다녀왔습니다. 레저기구 타는것도 즐겁고 그외에 물에서 자유롭게 놀 수 있는 작은 워터파크도 있어서 너무 좋았어요. 남자 셋과 애기 한명이 갔는데, 사장님과 직원들 모두 얼마나 친절하시던지 애기도 잘 봐주시고 안전에 대해서도 잘 챙겨주시고, 정말 너무 즐겁게 놀다가 왔습니다!"
886,포세이돈마린레저,,일단 체험이 알차고 재밌습니다. 선생님들도 다들 친절하시고 눈치 안보고 마음껏 재밌게 놀았습니다. 멀미 있는 친구때문에 얼마 못하고 돌아왔지만 재방문 의사 100%입니다! 다음엔 멀미 없는 친구들과 함께 오려구요!ㅎㅎ
887,포세이돈마린레저,,일찍갔는데도 사람이 어느정도 있더라구요! 그래도 착착 바로바로 탈수있어서 기다린거없이 예약한거 잘 타고왔습니다! 둘이서 간거라 바나나보트는 둘이서 타면 재미없다고 하셔서 이름은 모르겠지만 다른거로 바꿔탔는데 짱잼! 그리고 바이퍼? 그게 최고였어요!! 안떨어지려고 아득바득 버텼더니 이틀지난 지금도 팔에 근육통이 있네용..ㅎㅎㅎ 너무 재밌데 놀다왔어요!
888,포세이돈마린레저,,초등학생 이상 놀기에 좋아요. 평상에서 취사 가능하므로 음식 싸오셔도 됩니다. 
889,플로우하우스 용인,,처음인데 ㅋㅋㅋ 계속 넘어져도 재밌어요 ㅋㅋㅋㅋㅋㅋㅋㅋㅋㅋㅋㅋㅋㅋㅋㅋ다양한 서핑 방법도 배울 수 있어 좋았습니다 ! 
890,플로우하우스 용인,,"정품   물살 💦   최고 👍 
평일  더블레인  너무 좋아요😍
5월  가격 할인  혜택   굿굿굿 👍

"
891,플로우하우스 용인,,"서핑초보자들도 이해잘되게 잘 설명해주시고 
진짜 재미있었습니당 바디랑 스탠딩 둘다 재미있어용!"
892,플로우하우스 용인,,"1년만에 재방문했어요 ㅎㅎ 작년에는 실내서핑만 했는데, 이제는 바디보드도 가르쳐주시네요! 2시간 예약하면 1시간은 레슨, 1시간은 자유 연습입니다.
각자 수준에 맞게 따로따로 가르쳐주세요, 바디보드는 처음해봤는데 재밌었어요! 첫타임에 가서 사람도 많지않았고, 잘타는 사람들도 옆에서 같이 타서 제 차례 아닐때는 구경도 했네요 ㅎㅎ"
893,플로우하우스 용인,,"강사님들이 너무 친절하시고 
체계적으로 꼼꼼하게 강습해주셔요 ❤️👍🏻 
샤워실도 깨끗하고 아울렛 안에 있어서 
접근성도 굉장히 좋은것같아요!
트릭 강습도 트릭마다 옵션이 있어서 
부담없이 신청할 수 있네요 너무 좋아요❤️❤️"
894,플로우하우스 용인,,강사님 친절하게 잘 가르쳐주시고 시설도 깨끗하고 좋아요♡
895,플로우하우스 용인,,"강의도 잘해주시고' 즐겁게 서핑했어요 ㅎㅎ
추천합니다. "
896,플로우하우스 용인,,"생각보다 작아서 깜놀~ 
여러 사람이 이용시 1명씩 돌아가면서 타기 ~
안전관리는 어려운듯해 보입니다. 
물쌀에 밀려 올라가고 목이나 어깨에 타격이 엄청나요.
업체 책임은 아니라는 싸인하고 입장합니다. 
탈의실, 샤워실 그리 깨끗하지 않습니다. 
탈의실락커는 잠기지 않는시스템~
이유가 있는건지모르겠음!!
탈의실에서 환복하고 다시 1층으로 내려가서 입장~
1층이 서핑용품 매장이라서인지 동선이 이상함~
미온수지만 일단 물에 젖으면 춥습니다. 
바디 수트 같은거 있는데 관리가 좀 그래서 입기 꺼려져요!!
핸펀 가지고 들어가도 되지만 방수팩이용 추천 !!
테이블위에 두면 수증기로 인해 핸펀위에 마구 물방울 떨어짐!! 
강습전에 시설물 이용설명 필요! 
위쪽에 밀려 올라가면 내려오는 길 이런거 잘 안보임!!"
897,플로우하우스 용인,,강사님도 친절하시고 너무 재밌었습니다~
898,플로우하우스 용인,,"처음 배워 봤는데 재밌어요~^^
강사님이 잘 알려주셔서..
혼자서도 배운대로 스윽.... 올라타 봅니다.. ㅎㅎ
처음인데 이정도면 잘 배웠죠? ㅎㅎ
1시간 수업후 1시간 자유시간으로 배운걸 또 열심히 연습해 봤네요...
더운 여름 실내에서 물놀이를~^^
요즘 서핑이 핫한데.. 즐거운 시간이었습니다..
다음에 또 타고 싶네요 ㅎㅎㅎ
나도.. 잘 타도 싶... ㅎㅎㅎㅎ "
899,핀스파크지천점,,"너무 신나게 노느라 사진이 없지만 여기 계신 직원분들 한분한분 다 너무 재밌고 친절하셨어용❤️❤️❤️
날도 더운데 오히려 더 재밌게 해주신 모습에 감동 ㅜㅜ
너무 재밌어서 한달도 안돼서 한번더 방문했는데 알아봐주셔서 또 감동 ❤️"
900,핀스파크지천점,,"직원도 친절하고 놀거리도 많아 여름물놀이 재밌게 놀았어요, 근데 음료가 2천원, 과자 3천원, 한강라면 5천원 등 매점가 가격이 후덜덜하네요~

폭염이나 태풍으로 인해 수질안좋은건 그렇다쳐도 물위에 나뭇가지나 부유물, 심지어 쓰레기들은 안전사고로 이어질 수 있는만큼 좀 건져내줬으면 싶네요
물에 빠졌을 때 잡고올라올 로프나 사다리도 부족하고 내년에도 똑같다면 재방문은 어려울듯"
901,핀스파크지천점,,"타는거 종류가 많고 재밌게 태워주셔서 재밌어요 근데 물에 빠지면 올라올때 어려워요 ! 아쿠아슈즈 필수! 파는건 아쿠아삭스라서 바닥 뜨거워요
3가지 타는게 딱 좋은것같아요 디스코 대박 추천요힘 많이들어요ㅋ
"
902,핀스파크지천점,,"빠지 처음가는 친구들이랑 같이 놀러갔는데
여기 다녀오고나서 친구들이 빠지의 매력에 빠져버렸지 모예욤😉
워터슬라이드도 너무 재밋었고 기구도 무제한으로 탈수있는데 가드분들이 친절하고 재미있게 태워주셔서 
시간가는줄도 모르고 아침부터 저녁까지 놀다왔어요!
진작 왔어야 했는데 시즌 막바지에 놀러오게 되어서 너무 아쉽지만ㅠ 올 여름 제대로 마무리 한 것 같아서 너무 행복했어용
가성비 끝판왕이라 다음 시즌에 또 갈거예요!!"
903,핀스파크지천점,,대구 근교 빠지로 가깝고 쵝오~ 재미있어요!  저수지물이 조금 더러워요~ 그래도 상관없이 즐겨즐겨~ 물에 빠져서 올라오기 조금 힘들어요;;
904,핀스파크지천점,,"너무 재밌게 잘놀다갑니다~
완전만족하고 놀았어요👍👍"
905,핀스파크지천점,,"저는 실망을 많이 하고 왔어요.
탈의실 겸 샤워실 커튼으로 되어 있어 자칫하면 속이 보일거고..
탈의실 문들도 다 고장이 나서 제대로 안닫기더라구요. 옷갈아입는데 밖에서 문 열어버리고..
수납공간 없어서 가방이라도 둘려면 테이블 무조건 돈주고 사용해야하구요..
아직은 이런저런 신경 써야 할 부분들이 많이 보이더라구요.
주차장도 협소한 편이었어요."
906,핀스파크지천점,,"너무재밌어요 너무너무 
놀이기구 무서운데 재밌고 ...!!!!
직원분들도 친절하셔서 좋았습니다👍👍

"
907,핀스파크지천점,,직원분들 친절하고 재미있었어요
908,핀스파크지천점,,"직원분들도 친절하시고 기구들 다 너무 재밌어요
다음에도 빠지는 여기로 올 거 같아요
방문 전에 리뷰가 조금 갈려서 걱정했는데 너무 즐겁게 잘 놀다가 가용ㅎㅎ"
909,하늘바다낚시터,,"처음 가본곳 
하필 가는 날이 장날 ㅎ 날씨가 안좋아서 ㅜㅜ 너무 슬픈날
그래도 사장님과 직원분이 친절하게 잘 알려주시고 해서
기분좋게 잘 놀다 왔습니다
번창하십시요~~~"
910,하늘바다낚시터,,"진짜 최고에요!! 네이버리뷰가 진짜였어요❤️
초보자들에게 하늘낚시터 추천추천!!! 돈이 안아깝고 정말최고에요!!!! 결론적으로 처음 해보는거라 하나라도 잡자라는 마음이어서 그랬는지 너무 기분좋운 낚시였습니다!! 
커플로 둘다 낚시 처음 해보는거였는데, 낮부터 저녁까지 총 7시간동안 5마리 잡았어요!!
(참돔, 우럭 등)
하늘낚시터 친절하신 여자사장님+초보자교육해주신 하늘낚시터 부장님 덕분이에요🙇‍♀️👍🏻❤️
처음경험을 하늘낚시터로 와서 낚시에 취미를 갖게되었네요! 👍🏻👍🏻👍🏻 중간중간 귀찮게 해드렸는데 친절하신 부장님 사장님 ㅠㅠ 너무 감사합니다❤️"
911,하늘바다낚시터,,^^
912,하늘바다낚시터,,"조용하고 낚시 하기 좋아요~~
밤엔 더 조용해요~~ ㅋㅋ
물꼬기도 잘 나오는데 ㅋㅋ찌멍이 쵝오~
관리하시는분들도 너무 친절해요"
913,하늘바다낚시터,,참돔이 많이 잡혀요. 구이 회 모두 가능한데 구이가 특히 맛있어요
914,하늘바다낚시터,,"수질이 좋고 관리하는 분도 너무 친절해요~~ 
참돔 사이즈도 크고 일단 고기가 많이 잡혀요~~ 방가로도 깨끗하고 조용하고 ~~대부도 낚시터 여라곳 다녔는데 여기가 쵝오네요~~"
915,하늘바다낚시터,,"낚시터는 요기만~~ 
시설도 좋고 조용해서 좋아요~~
입질도 잘 오고 ~물고기가 커서 좋아요~~"
916,하늘바다낚시터,,추워요
917,하늘바다낚시터,,사장님께서 다니시면서 낚시하는 법도 알려주시고 좋았ㅇㅣ요~~^^.
918,하늘바다낚시터,,대부도 낚시터~~요즘 요기 낚시터에 꽂혀서 요기만가요~~ 물고기 많이 잡히고 시설도 괜찮아요~~ 평일만가다가 주말에 가봤는데 ㅋㅋ평일이 조용하고 좋아요~~
919,학생문화센터 수영장,,"*주말.공휴일만 자유수영 가능
*선수훈련으로 인해 평일 자유수영없음
*매월 2번째 일요일 정기휴장
*일반 2,500원/
경로.장애인.청소년 할인있음
(할인시  해당 신분증.복지카드.청소년증.학생증있어야 할인가능)
*입장시간/오전 7시부터 오후 4시까지
(오후 4시 30분 수영장 내 풀 마감)"
920,학생문화센터 수영장,,"안전점검후 1월  2일부터 재개장
오전 7시부터 오후 4시까지 입장가능
수영장 물도 새로 교체했다는데 수질 깨끗하니 좋았다. 역시 50미터가 최고.
예전에 물이 많이 짜서 좀 별로였는데 지금은 오히려 좋아"
921,학생문화센터 수영장,,주말수영 자주 이용하고있어요 가격이 저렴해서 좋아요
922,학생문화센터 수영장,,다음달부터 수영 시작할려고 신청했어요
923,학생문화센터 수영장,,"반반마다 강사한명은 기본아닌가?
사람수가 적어서 부득이하게 합반은 몰라도
사람수도  많은데 합반은 뭐임?
수업진도 하나도 안맞고 나는2단계 수업 끊었는데  3,4단계 수업을 하면 어쩌란거임?
병풍이나 하란건가
뭐 설명이나 봐주는것도 없이 수업은 완전 날림이고 
이럴거면 자유수영이나 다니지 강습 왜듣나 싶음
돈다받고 이런식으로 강습열면 사장님은 양심에
안찔리나?강사비용 그렇게 아까워요?
여긴 강사도 넘 자주바뀌고 강사수도 부족해보임
싼맛에 자유수영다니긴 좋을지 모르나
강습은 절대비추 
뭔가 진득하게 수업들을수가 없음



"
924,학생문화센터 수영장,,"오랜만에 다시 수영을 하고 싶어서, 등록했습니다 👍🏻ㅎㅎ가격도 합리적이네요ㅎㅎ"
925,학생문화센터 수영장,,50m레인이라서 다른 25m 수영장에 비해 사람이 덜 붐비는 느낌이에요! 수심별로 나누어져있어서 좋아요💙💙
926,학생문화센터 수영장,,"어르신들이 너무 많고..
때 미시는 분들도 많고..
안 씻고 들어가는 아이들도 많고..
친절한 듯..친절하지 않은 곳...
"
927,학생문화센터 수영장,,"오늘(4일) 영업중 오후4시까지 입장가능
매달 2번째 일요일 휴장
설연휴 9일부터 12일까지 휴장"
928,학생문화센터 수영장,,자유수영하러 방문했는데 기대보단 별로였어요ㅠㅠ 수영장 바닥도 너무 더럽고.. 50m라서 좋긴한데 그거 말고는 잘 모르겠어요 
929,한강세븐수상레저,,굿
930,한강세븐수상레저,,너무 재밌어요 매년 가려구요!! 
931,한강세븐수상레저,,좋아요
932,한강세븐수상레저,,ㅇㅈ
933,한강세븐수상레저,,자주 가는 한강 공원 근처에 샘물같은 마트네요!
934,한강세븐수상레저,,굿
935,한강세븐수상레저,,굿
936,한강세븐수상레저,,굿
937,한강시민공원삼패지구물놀이장,,"한강삼패공원 분수대 주차장이예요!
베프와 한강 걷기좋았어요!
"
938,한강시민공원삼패지구물놀이장,,넓고 사람도 많지 않아서 좋아요.
939,한강시민공원삼패지구물놀이장,,주차를 편하게 이용해서 좋아요 
940,한강시민공원삼패지구물놀이장,,굿
941,한강시민공원삼패지구물놀이장,,좋아요 
942,함동수상레저타운,,"땅꽁이랑 플라이피쉬가 재미있어요!
의외로 워터파크 미끄럼틀이 제일 무서웠어요 ㅋㅋㅋㅋ
약골이신 분들은 놀이기구만 타도 괜찮을 듯요!
놀고난 다음날 후유증 장난 아니예요 온몸이 쑤심

물이 좀 더럽긴 해요 예민하신 분들은 안오시는걸 추천"
943,함동수상레저타운,,"워터파크 놀이시설 규모가 어머어머하네요~
직원분들도 친절하시고, 샤워장도 잘되있고,
주차공간 넉넉하고, 가격또한 합리적이네요^^
가족들 모두 만족하고 재밌게 놀다갑니다~
"
944,함동수상레저타운,,"작년에 너무 재밌게 놀았던 기억에 이번에도 함동으로 고고!!
평일이라서 우리만 있으면 어쩌지 걱정했는데 일찍 더워진탓인지 괜한걱정ㅎㅎ
작년에 비해 훨씬 크고 다양해진 워터파크에서 쉬지않고 놀다가 체력방전ㅜㅜ
매점에서 김밥에 라면하나 충전하고 놀이기구에 도전~~
하루종일 먹고놀고먹고놀고ㅋㅋㅋ
안전요원분들도 친절하게 도와주셔서 너무 재밌게 놀다왔어요
시간됨 또가고싶네요~~"
945,함동수상레저타운,,"작년에 처음 오고  너무좋아서 또 왔는데
역시 너무 재밋어요
워터파크 기구들도 많아지고 놀거리 탈거리가 많아서 좋아요~~
"
946,함동수상레저타운,,"뭣보다 화장실.샤워실 합격^^
주차장 넓고.바베큐존 까지~ㅎㅎ
워터파크 추가 한다고 하는데 기대됨.
코치님들 경력 장난 아니고 친절하십니다~"
947,함동수상레저타운,,여자 사장님인가 예의 없다는 리뷰 보고 갈까말까 망설였는데 전혀~~아니더라고요. 다들 친절하셔요~~그런데 물 개더러워요 ㄹㅇ 녹조라떼 옷에 녹조낀거 보고 놀랬어요 물을 안먹을 수 가 없잖아요 담달 좋지못한 배를 갖었답니다. 무튼 그리고 물에 빠지면 올라올만한 시설이 많지는 않아요 여자끼리 가면 많이 힘들것 같아요 그래도 이리저리 잼나게 놀았답니다. 
948,함동수상레저타운,,"빠지 같은 곳을 처음 가봤는데.. 다시는 가고 싶지 않은 곳이었습니다.
네이버에서 예약하고 가면 자리세 별도로 붙습니다.
근데 현금 아니면 안된다고 하니 더 난감하고..
물은 냄새 심하고.. 기구들 손잡이 같은 곳이 대부분 찢어지거나 부러져 있어서 별로 놀거리도 없습니다.
애들 때문에 어쩔수 없이 그냥 놀았습니다.
한가지 좋았던 점은 안전요원 분들은 참 친절하고 잘 도와주세요."
949,함동수상레저타운,,"어린친구 알바학생들 너무 친절하고 다른 빠지에비해 놀이기구 재밌게 태워주시고 길게 끌어주셔서 너무 좋았어요..
맨몸으로가서 걱정했는데 렌탈옷도 있었고 수건이랑 구명쪼끼 무료로 대여해주셔서 걱정해결!!바베큐도 있다길래 다음주 예약까지 하고왔습니다..블롭점프를 못해 아쉬워서 한번더 가려고요~~~또 기대되네요"
950,함동수상레저타운,,"너무재밌게 놀다가요~ 다른곳에 갔을땐 구명조끼, 수건 ,테이블사용료까지 받던데 여긴 아무것도 안받길래 너무좋았어요 직원들도 너무친절하고 땅콩보트를탔는데 스릴짱짱짱!! 다음에 친구들하고 한번더오고싶어요~"
951,함동수상레저타운,,"빠지 강 물이 녹조고요 냄새도 많이 납니다. 그리고 테이블비 입장료비 다 따로 받구요 제가  사장님 말고 직원들이  반말하셔서 기분이 좀 좋지않았는데 계속 눈으로 쏘아보는 듯이 쳐다보시고 테이블에서  조금만 시끄럽게 하면 조용히하라고 말하시네요. 제가 진짜 너무 불쾌해서 리뷰를 인생살면서 처음 달아봤습니다 네이버 리뷰도 조금만 살펴보면 같은 아이디가 리뷰를 계속 달았네요 네이버로 리뷰 보신분 정말 잘 생각해보고 가세요.
"
952,함평엑스포공원 물놀이장,,가성비있는 가격으로 너무 만족스럽네요 재방문필입니다
953,함평엑스포공원 물놀이장,,"처음 가봤는데  재미있게  잘 놀았어요 
인공파도풀.유아풀 이용하기 좋구요
그늘막이 있는곳이 있어 편하게 파라솔에 자리 잡았네요"
954,함평엑스포공원 물놀이장,,"22년 여름 = 개장한 다음날 방문했으나 이미 많은 사람이 오가서 물이 엄청 깨끗하진 않았지만.. 나주에 있는 대형 워터파크에 비하면 깨끗한 편.. 가성비 좋고 어린 애들 놀기 좋아요~ 주차안내요원도 많아요. 1미터, 40센치, 유아놀이풀, 파도풀 이렇게 4개의 풀이 있구요~ 입장료 외에 대여료는 구명조끼 3000원, 튜브 3000원, 슬라이드는 1회당 1000원으로 의외로 슬라이드가 저렴해서 줄이 길었어요~ 샤워장은 탈의실이 복잡하니 물로 헹구시고 집에가서 다시 씻는다 생각하심이 정신건강에 이롭습니다. 배달은 네네치킨 추천~ 피자나라 치킨공주는 세트 주문했더니 물놀이장은 세트 안된데서 이게 뭔소리야 하고 벙쪘네요ㅎ
23년 여름 = 입장료가 인상되었지만 시설 및 배달 보완됨. 조끼대여료 5천원됨"
955,함평엑스포공원 물놀이장,,"처음 가봤는데  재미있게  잘 놀았어요 
인공파도풀.유아풀 이용하기 좋구요
그늘막이 있는곳이 있어 편하게 파라솔에 자리 잡았네요"
956,함평엑스포공원 물놀이장,,"어린 아이들이 놀기 다양한 수심의 풀장과 파도풀장이 있어 놀기 좋았어요
음식은 취사가 안될뿐 반입이 가능해서 좋네요"
957,함평엑스포공원 물놀이장,,가성비 최강의 물놀이장입니다 ❤
958,함평엑스포공원 물놀이장,,안전관리요원이 곳곳이 비치되어 안심하고 물놀이할 수 있었어요^^ 매점도 비씨지 않아 좋았어요!
959,함평엑스포공원 물놀이장,,"초등아이가 놀기 좋아요.  얕은 수심이 2곳이나 있ㅇ니  어린아이들 놀기 좋으며,  미끄럽지않도록
바닥에 매트가깔려 있어요. 텐트,돗자리  이용가능하며, 파라솔은 무료입니다."
960,함평엑스포공원 물놀이장,,물놀이 하기 너무 좋았어요
961,함평엑스포공원 물놀이장,,"물놀이장, 아이와 함께하기 좋아요^^"
962,현대요트 서울지점,,"귀여운 1살 아기랑 주말에 배타고 왔어요😊❤️
날씨도 너무 좋고, 뷰가 너무 멋져서! 행복했어요🩷🩷🩷
운전해주시는 분도 젠틀하시고, 담요도 챙겨주시고! 아기도 예뻐해주셔서 감사했어요👍
덕분에 남편이랑 저랑 아기에게 좋은 추억이 된 것 같아요😘😘😘"
963,현대요트 서울지점,,"헤이라는 커피숍인데.. 요트사업자로 하시는듯 하네여..
커피는 괜찮은 편이고..
뷰가 바로 강을 보고 있어서 물멍하기 좋네여..
요트구경두 하거.."
964,현대요트 서울지점,,"한강와서 현대요트 안타면 바보ㅠㅠ
생일 기념 왔는데 너무 행복한 생일 보내고 가요🫶
인당 25,000원 저렴한 가격에 40분 한강요트 최고였어용,, 9월 23일 기준 노을 보시려면 6시에 타세용!! 사진 진짜 백만장 찍어서 올릴거 너무많은데 진짜 행복했습니다,,ㅠㅠ 또 올게요 꺄아🫣💗💗"
965,현대요트 서울지점,,어쩌다보니 요트 선착장에 오게 되어 인생 첫 한강 요트를 타봤어요! 한강의 매력적인 도시 불빛을 더 생동감있게 볼 수 있는 즐거운 경험이었어요. 직원분들도 너무 친절하셔서 좋아요. 친구와 좋은 기억을 만들어주셔서 감사합니다. 다음에 또 올게요!! 
966,현대요트 서울지점,,"반포한강공원 걷다 너무더워 카페 들어가있다가 우연히 발견했는데요! 가격여쭤보니 생각보다 비싸지도않구 재밌겠다하고 탔는데 진짜 올해 들어 젤루 행복했어요!🥹❤️
배멀미 이런건 전혀 걱정안해도되구요...(구명조끼 착용하기도하고 운전도 스무스하게 잘해주십니다ㅎㅎ)진짜 한강 한가운데서 노을 보며 멍때리고 물보며 멍때리면 너무 힐링됩니다..💙 바로 앞에 주차공간도 있고 레스토랑에, 카페에, 데이트코스로 딱이에요! 요즘 타기 딱 좋은 날씨라 인생샷 남기기 너무 좋구 꼭꼭 추천해요 후회안해~~🥹"
967,현대요트 서울지점,,"‘한강에서 카약&요트 코스는 그야말로 다이나믹 그 자체!’

반포 한강공원 한적한 곳에 위치해서 주변에 사람들이 적고 조용하여 프라이빗한 느낌이 좋았어요! 

그리고 요트투어랑 카약을 동시에 즐길 수 있는 프로그램 너무 좋았어요☺️ 가격도 완전 합리적인 거 같아요! 꼭 프로그램이 생겨서 많은 분들이 해보셨으면 좋겠어요. 대박 날 프로그램입니다 👍🏻

뻔한 한강공원에서의 산책, 피크닉이 지겨운 분들께
이색 한강 놀거리, 한강 데이트로 완전 강추드려요✨😍"
968,현대요트 서울지점,,"너무 재밌어요!!!!! 가평까지 안가도 됨!!!!
수영도 못하는데 안전하게 잘 알려주셔서 혼자 카약도 탔어요🤗 블루진 요트 체험은 진짜 너~무 시원하고 서울 야경보면서 물 위에 있으니까 완전 극락이에요🫶🏻🫶🏻 이색 데이트 코스나 가족 나들이로도 완전 강추해요👍🏻👍🏻"
969,현대요트 서울지점,,"카약을 타고 노을이 있는 지점으로 향했는데
정말 파도를 느끼며 물 위에 떠서 노을을 바라보니
황홀하다는 말이 절로 나올 정도로 근사한 노을과 
물 멍들 즐길 수 있어 너무 만족했습니당!
직원분들도 친절하시고!! 재방문 의사 100% 있습니댜❤️"
970,현대요트 서울지점,,서울에 살면서도 바빠서 경험해보지 못했던 이색데이트 ㅠㅠ 정말 40분동안 힐링이 제대로 되었습니다 요트만 타고 한강을 쭉 돌았는데 마치 해외여행 간 느낌이 었어요!! 직원분들도 너무 친절하시고 블랙켓 요트 크고 너무 멋져요!!! 또 방문 할게요! 
971,현대요트 서울지점,,"카약이랑 블루진 보트 탔는데, 너무너무 재밌었어요. 카약은 액티비티 망망대해를 누비는 기분이 들고..! 8인용 푹신푹신한 보트 타고 스피드 있게 한강 건너는 게 정말 행복했어요. 해질녘 타는 걸 추천드려요~~ 엄청 로맨틱하고 시원하고 행복해요!
직원 분들도 안전 신경 써주시면서 친절했습니다 🥰🥰"
972,현대요트 인천,,"현대요트에서의 썬셋은 정말 말로 표현할수 없는아름다운 경험이었습니다
날이 흐려 걱정했는데 덤으로 쌍무지개까지 볼수 있어서 너무 행복했답니다
직장 동료들과 뜻깊고 소중한 시간을 선물 받아 너무 좋았고 행복했습니다
카페는 벌써 크리스마스트리 장식으로 따뜻함이 
느껴지네요"
973,현대요트 인천,,"3살아기가 요트 타고 싶다해서 급하게
방문한  현대요트 홀리데이!
 요트 속도도 너무 안빠르고 부드럽게 운전 해주셔서 아기랑 가도 너무 좋아요 
안에 침대 화장실 다 있어서 아기가 엄청 신기해 하고 배 좋다고 또 타자고 할 정도에요!!!
 3살아기는 처음에 앉아있다가 적응하니 배 위에도 올라가고 침대랑 소파도 잘 돌아다녔어요
!저흰 2시 타임 타서 햇빛이 좀있어서 모자 선글라스 필수더라구요 다음엔 선셋코스로 또 타러가야겠어요!!"
974,현대요트 인천,,"아이 둘이랑 가을 날씨 만끽하며
즐거운 시간 보냈습니다~~^^
겁없는 저희 딸래미 
여기 저기 돌아다니며
즐거워했는데 위험하지 않도록
주의사항 계속 말씀해 주셔서
너무 재미있는 시간이었어요~~♡
낯가리는 우리딸이
배꼽인사도 하고
계속 재밌다고 했어요!
넘 재밌었나봅니다👍"
975,현대요트 인천,,넘조아요
976,현대요트 인천,,"평소에도 바다 하늘 자연경관을 참 좋아하는 편인데
이렇게 바다와 하늘을 가까이서 맞을 수 있어서
요트 체험은 정말 힐링의 시간 그 자체였어요~
더운 여름인데도 바다 위에서는 바람이 시원해서
폭염인줄도 모르고 풍경을 즐겼네요!!!
매번 밥 영화 카페 데이트만 했는데 요트 체험은
새로운 이색 데이트 코스로도 너무 좋았습니다!!♥️
다음 기념일에도 또 타러 와야겠어요!!!!!"
977,현대요트 인천,,"평일 오후에 코스모스1 탑승하였어요.
날씨가 너무 좋은 날 파란 바다 하늘보고 바닷바람 맞으니 너무 시원하고 좋았습니다.
오붓하게 4명 타서 붐비지않아 더 좋았어요.
직원분들도 친절하시고 설명도 잘해주시고 
편안하게 보고 사진도 잘 찍게 해주셨습니다.
색다르고 좋은 경험이였어요.
인천시민할인도 받고 마리나와 같이 있는 카페 
30%할인권도 줘서 알뜰하게 요트 탑승 잘한 느낌입니다."
978,현대요트 인천,,"영종도 널라가기로 하고 우연히 보게 된 요트체험
상상이상으로 좋았고 친절하셔서 넘 좋은 추억 가지고 왔어요 완전 초 강추입니다^^

담엔 신랑이랑 와야겠어요 "
979,현대요트 인천,,"안전하게 운전해주시고 친절하세요
요트 입장권 구입시 바로옆 카페 이용 할인 쿠폰 주시는데 카페도 커피 맛집에 포토존 맛집입니다
일몰 볼때 선크림과 선글라스 필수 입니다
기사님 친절하시고 음악선정도 좋아요
뷰 맛집에 포토존 맛집이에요 ㅠ
한여름인데도 우선 바다로 나가니 시원하고 가슴도 뻥뚫리고 힐링 제대로 입니다
인천시민은 또 할인이 되니 신분증 꼭 소지하세요
여유롭게 감상할 수있도록 조정도 잘해주십니다
또 가고싶네요 ☺️"
980,현대요트 인천,,실미도가 살짝 보이는 곳까지 운행해주십니다~ 바다고 예쁘고 여유로운 요트투어를 즐길수 있었습니다. 가족이나 연인단위로 데이트하기 좋은것 같아요!
981,현대요트 인천,,"이때의 기억으로 일주일을 버티고 있어요❗️
요트 위에서 명상하는 시간이 있는데 
명상하고 눈 떴을 때의 바다를 잊지 못해요 진짜….
요즘 회사 스트레스가 많아서 심적으로 
너무 흔들리는 시기였는데 명상하니까 힐링도 되고
마음이 가벼워진 느낌이에요💓💓

직접 만든 향을 맡으면서 하니까 더 좋았어요!
이 향만 맡으면 그때 기억이 절로 떠올라서
집에서도 자주 발라주고 명상까지는 아니더라도 
멍이라도 때리고 있어요 ㅎㅎ

현대요트의 프로그램이 진짜 특이하고
여기서밖에 못본거라서 완전 추천해요ㅠㅠㅠ

부모님 모시고 다녀왔는데 두분도 엄청 좋았다고 하셔서
같이 다녀오길 잘한 거 같아요💓💓

이색데이트로도 추천해요!!
인생샷도 남길 수 있습니당👍"
982,홍양저수지(빼뽀저수지),,"사장님이신 할머님께서 30년 넘게 운영하시는 식당입니다.
반찬에 미원같은 조미료 일절 안쓰시고 5년 이상된 장아찌들이 수두룩한 식당입니다. 
제가 먹은 메뉴는 참게장정식이었는데 진짜 다 엄청 맛있어요..!!
참게도 그렇게 맛있는지 몰랐고 반찬도 아까울정도로 맛있어서 다 먹게됩니다!
밥도 솥밥이라 아주 찰지고 맛있어요.
부모님 모시고 갔는데 정말 모두가 만족스런 식사였습니다ㅎㅎ
뷰도 너무 예쁘고..ㅠㅠ
다음에 홍성가면 두번세번 꼭 다시 들릴예정입니다. 번창하세요:)"
983,홍양저수지(빼뽀저수지),,"여기 진짜 맛집이에요~
사장님들도 너무 친절하세요"
984,홍양저수지(빼뽀저수지),,"여기 진짜 너무 맛있어요! 장아찌들도 맛있구 게장, 탕도 엄청 맛있어요
참고로 일요일 휴무 잘못된거에요! 
일요일도 영업하십니다!
다들 꼭 오세요
"
985,홍양저수지(빼뽀저수지),,"넘,맛있어요~"
986,홍양저수지(빼뽀저수지),,"소문듣고 찾아갔는데 너무 맛있게 잘 먹었어요^^ 밥도 매운탕도 게장, 반찬까지 다 맛있어요~~!!!!"
987,홍양저수지(빼뽀저수지),,👍
988,홍양저수지(빼뽀저수지),,"참게장정식인데 1인한마리네요  쫌아쉬움
반찬들이 완전토속적인반찬들이라 건강해지는느낌이네요"
989,홍양저수지(빼뽀저수지),,비린맛에 약한 사람도 맛있게 먹을 수 있어요 진짜 맛있어요!!! 이 주변에 사시는 분들은 꼭 방문해보세요 ㅋㅋㅋ 게장에 짱아찌 다 존맛이지만 탕이 진짜 죽음 ㅠㅠㅠㅠㅠ 당분간 건강때문에 점심 장사만 하신다는데 전화해보고 가세요!!
990,홍양저수지(빼뽀저수지),,"할머니 허리 수술하셔서 점심식사만 하신대요!
민물참게탕을 진짜 꼭 먹어야 하는 맛집👍🏻 반찬은 장아찌류가 주라서 호불호가 좀 있을 수 있는데 참게탕은 진짜 호불호 없이 반할 맛이고 게장도 진짜 굿!!!"
991,홍양저수지(빼뽀저수지),,참게정식에 참게가 많지않지만 맛있고 특이한반찬들이 많아요
992,화도낚시공원,,
993,화도낚시공원,,음식이 맛있어요 
994,화도낚시공원,,
995,화도낚시공원,,"초보여서 고기못잡을꺼 예상하고갔는데
고수님이 잘가르쳐주셔서 6마리 손맛보고
기분좋게 갑니당"
996,화도낚시공원,,물이 깨끗해요
997,화도낚시공원,,좋아요 
998,화도낚시공원,,좋아요 
999,화도낚시공원,,낚시 좋아하는 사람들에게 좋은 힐링의 장소입니다.
1000,화도낚시공원,,좋아요 
1001,화도낚시공원,,오랜만에 힐링했네요.
1002,화성해양아카데미연구회,,좋아요
1003,히든밸리송추,,"올해만 ㅋㅋ 몇번 갔게요? ㅎㅎ
너무 좋아요 :)

아마도 오늘이 올여름 마지막이 아닐까 하며
올해의 마지막 리뷰를 씁니다

춥지 않았고
뮬은 따듯했고
일하는 많은 분들은 친절했고
그 모든것이 좋았습니다

감사하게 잘 놀고 쉬고 추억 쌓고 왔네요^^

또 봐요 히든밸리 🫶🏻"
1004,히든밸리송추,,"오늘하루 아이들과 신나게 놀고 맛있게 먹었네요!
평상 미리 예약하는거 좋은것 같아요! 
시설도 깔끔하고, 50분 수영 10분 휴식도 좋아요.
아이들이 너무 물에 있으면 힘든줄도 모르니.. 
점심시간도 있구요. 무엇보다 취사가능,개인 음식준비 가능해서 캠핑하는 느낌이네요^^ 
"
1005,히든밸리송추,,"주 1회는 빠지지 않고 가고 있습니다. 
내돈내산의 가장 중요한 덕목은 뭐니뭐니 해도 친철인것 같아여. 전화와 문자 응대 현장의 모든 분들과 심지어 매점직원들과 안전요원 분들까지 친절하지 않은 분이 없었어요..!! 이게 찐이죠..!!
두번 세번 가고 싶은 가장 큰 이유는 이게 일번입니다..!!
수영장.. 한여름 물 더러운건 국룰이죠..!!
그게 무슨말이예요 히든밸리는 잠수해서 사진 찍어봐도 너무너무 깨끗해요~ 
평상과 방갈로.. 두말할 것 없아요..!! 간격과 관리 상태 물론 너무 괜찮아요~!!!
쓰레기 분리수거나 개수대 청결관리도 직원분이 계속 관리하고 계셔서 너무 깨끗했어요..!!
샤워실 뜨거운물 팡팡 화장실도 휴지통 수시로 정리해주셔서 깨끗하게 이용했습니다^^
넘넘 재밌게 잘 놀다왔어오 담주에 또봐요!"
1006,히든밸리송추,,"고기를 구워 먹을 수 있어서 너무 가고 싶었던 수영장 ..!!! 놀기에도 너무 안전하고 취사 가능하면 지저분할 수도 있을 것 같은데 시설도 아주 깔끔하게
잘 되어있어서 편리했어요👍 까먹고 준비해가지 못한것들도 대체적으로 매점에서 구입할수있어요..!! 무엇보다 직원분들이 하나같이 너무 다 친절하답니다^^
시설도 ㅊ"
1007,히든밸리송추,,"송추 히든밸리, 말해 뭐해요❤️
작년에도 3-4번, 올해는 6월말부터 이미 3번 
다녀오ㄱ주말에 주구장창 갈 생각이예요.
아이들이 6세,4세인데 주말마다 뭐할까 고민인데
넘 좋아요😀 이번 방학때 근처의 다른 수영장을 2번 일탈했다가 아이들이 원성을 원성을😭😭 큰 딸이 히든밸리로 가자고 노래를 불러요.일단 다른데랑 비교하자면 1. 수질이 깨끗해요
(신랑이 피부가 엄청 예민한데 다른곳은 수영하고 온날 피부가 좀 뒤집어져요. 히든밸리만 멀쩡👍)
2. 직원들 친절도
(보통 젊은분들은 무뚝뚝하신데 이미 입구부터
“몇번 평상 오셨어요?” 따라가서 물 다 닦아주시고
뭐든 질문해도 친절합니다. 매점도 마찬가지!
사장님이 작년에 왔다고 알아보심요)
3. 깨끗해요. 이건 비교불가예요
4. 안전요원 (큰튜브,모자 제한) 강추!!"
1008,히든밸리송추,,"주말이라 많이 붐빌까 걱정했는데
수영장이 크고 평장자리도 넓어서
부담 없이 놀고 왔어요 !!!

가까운 거리에 이렇게 좋은 곳이 있었다니!
다음엔 고기도 구워먹을거에요😬"
1009,히든밸리송추,,"마지막 여름을 즐기러 방문한 히든밸리 송추는
너무 한가롭고 좋았습니다 :) 

원래는 큰 튜브 사용이 제한되어 있는 곳인데 
방문한 날은 사람들이 거의 없고 
아이는 저희 아이가 전부라 
사장님께서 특별히 배려 해 주시고 
튜브 제공 해 주셔서 아이가 신나게 놀았습니다.

샤워실도 깔끔하고. 
특히나 개수대도 깔끔해 
취사 가능한 야외 수영장 대비 굉장히 청결해 인상 깊었습니다 :) 


내년 여름에도 꼭 방문하고 싶어요 :)

"
1010,히든밸리송추,,"평소 다른곳을 다니다가 히든밸리는 이번에 처음 가봤는데 시설도 너무 깨끗하고 좋앗어요!
유아풀 성인풀 나뉘어져 있고 물도 깨끗해서 6개월 아가도 물에 들어가서 놀았는데도 피부발진이나 이상증상도 전혀없네요~ 주차장에서부터 관리하시는분들이 너무 친절하게 안내해주셔서 첫인상이 좋았습니다! 더운날씨에 땡볕에서 힘드실텐데도 웃으면서 일하시더라구요^^ 
어른6명 아이2명 인데 평상 하나 빌려서 잘놀고왔어요!
이번여름 지나기전에 한번더 가고싶어요♡"
1011,히든밸리송추,,"3년째 이리로 그냥 옵니다
묻지도 따지지도 않고 옵니다
회사 휴가받는날 바로 옵니다
고기를 여기선 더 많이 먹을수있고요
집에선 생전 안 자던 낮잠도 잡니다
수영 못해서 대충 떠있어도 아무도 뭐라안하구요
모자 잘 눌러쓰면 햇볕에도 수영쌉가능해요
아이보다 제가 더 잘놀아요
고기굽다 쪄죽을까 걱정했는데
바람 은근 잘 불어서 넘 시원합니다. 
내년에도 그뒤에도 잘 부탁드려요!! "
1012,히든밸리송추,,"이틀전에 갔다가 또 갔어여 ㅎㅎㅎㅎ
이번엔 친척들 모임을 했어요
16명이 모였고 이거저거 작정하고 싸와서
음식 실컷먹고 신나게 수영 했어요
사람이 좀 많았지만 역시 안전관리,수질관리
최고였고 매점언니들 넘 친절해요👍👍
오늘 집에 오자마자 딸이 또 가자고 노래하네요😅😅 여름이 끝나가는게 아쉽습니다"
1013,히트 실내 바다낚시터,,"처음방문한곳인데 너무너무만족했습니다.
사장님은출타중이라서직원분이계셨는데너무친절하게잘알려주시고좋은기억가지고갑니다.
연계된 횟집은남자사장님은 친절하나
여자사장님이신지 직원이신지모르겠지만
잡아온물고기를가지고오는걸별로안좋아하시는듯해보여요
집에가지고가서 살점이많이안발려져도집에가서직접떠서먹는게나을듯합니다.그아쉬운빼고는만족스럽습니다."
1014,히트 실내 바다낚시터,,"송파에 있는 실내낚시터를 갔어요.
낚시장비와 물고기먹이를 대여료 없이 
이용요금만 내면 할수있어서 좋았어요.
저는 4시간 이용권을 끈고 낚시를 시작했어요.
처음이라 겨우 한접시 회 뜰정도 잡았어요.
뼈와 껍질에 살이 남아있지않게 회를 잘 떠주셔서 
와이프에게 체면치레는 한것갔네요.
사장님 감사해요.탱큐
횟감 반은 초장에... 나머진 초밥으로 먹었는데
바로 잡아 신선해서인지 맛이 좋았어요."
1015,히트 실내 바다낚시터,,"오랜만에 금요일에 휴무가 생겨 아이와 방문했는데 고기가 엄청 잘 나와서 놀랬어요!!!
아이도 너무 재밌어하고 ㅎㅎㅎ 너무 많이 잡아서 다는 안 가져가고 반만 가져왔습니다! 바로 낚시터에서 회도 떠주시고 했는데 깔끔하게 잘 떠주셔서 집에 가서 소주에 먹었는데 넘 맛있더라구요 ㅜㅜㅜㅜ 좋은 추억 남기고 잘 놀다 갑니다~~ "
1016,히트 실내 바다낚시터,,벼로
1017,히트 실내 바다낚시터,,실내낚시터 여러 곳 다녀봤는데 바다낚시터는 처음이었습니다! 처음 한시간은 입질이 잘 안왔는데 적응하고 나서는 여러 번 입질받고 제대로 못 올리고 놓치는 물고기도 많았지만 후반부 가서부터는 감이 와서 여러 마리 잡았네요 민물만 다니다가 조금 적응을 하는 데 시간이 걸렸지만 친절하게 알려주시고 오셔서 여러 가지 코칭해주셔서 감사합니다~ 다음에는 가족들하고 방문할게요! 
1018,히트 실내 바다낚시터,,좋아요 
1019,히트 실내 바다낚시터,,"깔끔하고 친절하며 주차장도 넓어서 좋습니다. 다만, 입질 한번 받지 못했네요. 주변 사람들도 대부분 그랬고요."
1020,히트 실내 바다낚시터,,"딸이 낚시가 소원인데 꼭 잡아서 집에 가지고 오자고 약속했는데 ㅠㅠ
두시간 내내 입질 한번왔네요
리뷰보고 갔는데 물고기가 많이 없어요
7만원 넘게 쓰고 딸 마음에 상처만 주었습니다. 마지막에 간절하게 도움에 손길을 청했는데 외면 당했네요
가격이 비싼만큼 두명 이상 와서 못잡으면 몬가 기념품이라도 주면 좋겠습니다.
그리고 절대 가족끼리는 오지마세요
물고기가 많이 없어서
4명이 두시간 15만원 쓰고 못잡으면 아이들과 어른들 상처가 커요
그냥 그돈으로 수산시장에서 회떠드시고 그냥 잘 잡히는 실내낚시터 가서 노세요
그리고 친절하다 리뷰 봤는데 처음에 미끼 끼우는것만 알려주고 오지도 않으셔서 친절한지도 모르겠어요
딱 혼자오기 좋은 곳입니다
그리고 컨셉은 좋아서 한번쯤은 가겠지만 장사마인드는 꽝이어서 다시는 안갈꺼에요"
1021,히트 실내 바다낚시터,,"둘째가 낚시터에 재미를 붙여서 하교후 낚시터 가자고 해서 강남에서 30분 걸려서 
갔더니 평일인데도 사람들이 꽤있더라구요~
엄청 큰 참돔 2마리나 낚고서 집에서 우럭 구이 해먹는다고 신났네요~
아이들하고 추억 쌓기 강추요~😄"
1022,히트 실내 바다낚시터,,"낚시가 처음이고, 아이랑 둘이서 어떨지 걱정했는데.. 2시간 동안 엄청 즐겁게 하고 왔어요~사장님께서 친절히 알려주셔서  좋은 추억이 되었습니다^^
아이스박스에 물고기 넣어주셔서 집까지 잘 왔고 바로 손질해서 맛있게 먹었습니다. 또 가고 싶네요^^"
1023,24시 마린낚시(전곡항 24 마린낚시),,좋아요
1024,24시 마린낚시(전곡항 24 마린낚시),,굿
1025,24시 마린낚시(전곡항 24 마린낚시),,낚시인들의 필수품이 다 있는곳!!
1026,24시 마린낚시(전곡항 24 마린낚시),,미끼 좋아요
1027,24시 마린낚시(전곡항 24 마린낚시),,생새우 구입
1028,24시 마린낚시(전곡항 24 마린낚시),,굿
1029,24시 마린낚시(전곡항 24 마린낚시),,친절해요
1030,24시 마린낚시(전곡항 24 마린낚시),,가게아조씨가 친절해요
1031,24시 마린낚시(전곡항 24 마린낚시),,볼거 많네요
1032,24시 마린낚시(전곡항 24 마린낚시),,없는게없다
1033,EVO수영장,,풀은 정말 좋은데 샤워실이 무척 불편해요. 좁고
1034,EVO수영장,,"장점 : 수건 제공, 주차장 넓음
단점 : 샤워실 청소 미흡, 그리고 안그래도 좁은데 선반이 없어서 진짜 샤워하고 수영복 갈아입을 때마다 화딱지납니다… 제발 선반 좀 만들어주세요ㅠㅠㅠㅠ 제발"
1035,EVO수영장,,ㅡ
1036,EVO수영장,,
1037,EVO수영장,,ㅣ
1038,EVO수영장,,"이보수영장 이용해요~
미리 선결재 하고 여유롭게 다니려구요~~
추가 결재합니다!"
1039,EVO수영장,,
1040,EVO수영장,,"선생님께서 친절하시고 수업 하루 전 차량 안내 문자도 남겨주세요 
수업도 체계적이고 아이들과 소통도 나누며 잘 가르쳐주십니다 수업하는 모습을 투명창을 통해 확인할 수 있어서 좋아요"
1041,EVO수영장,,아이들 수영배우기에 적당한 크기에요
1042,EVO수영장,,좋아요 
1043,K-26,,K26 다이빙풀 ~^^
1044,K-26,,ㅎㅎ
1045,K-26,,"프리다이빙 원데이 했습니다
선생님 너무 친절하시고 체계적으로 잘 알려주셔서
감사했습니다"
1046,K-26,,수건을 깜박해서 샀어요^^ k26로고가 있는 수건이네요~
1047,K-26,,"배고파서 1층 카페 먼저 이용했어요
초코파이도 있고 좋아요"
1048,K-26,,좋아요 
1049,K-26,,"K26 수온 너무 따뜻해서 감동.. 슈트 안입고 수영복만 입으신 분들이 많아요! 주말에는 입장료 55,000원이라 비싼감도 있는데 슈트 포함가격이고 지정된 타임에 다이빙하는게 아니라 키받은 시간으로부터 3시간 다이빙 할 수 있어 좋아요! 수심도 깊어서 재밌고 햇살 좋은날 잠수풀장에 빛내림있는것도 예뻐요! 시설도 안락하고 만족합니다!"
1050,K-26,,k26마크가 새겨진 타올이에요. 
1051,K-26,,좋아요
1052,K-26,,"좋아요
"
1053,K3바다낚시터,,"낚시한다고 여기저기 많이댕겼지만 물고기다운 고기를 못잡아봤는데 가두리 첨와서 돔2마리 잡았어여~이렇게라도잡으니 넘나좋네여ㅋ10시간버텼어여 해지는거보니 기분좋구~리뷰오류나서 다시쓰니  2번째방문으로뜨네여
잡든못잡든 그냥 바람도쐬고 물소리 들으며 힐링했어여~ 뜰채가없었는데 옆아저씨들이 뜰채로 도와주시고
 주인분도친절하시공ㅋ다만 아이들기준으로는  매점에 먹거리가 많지않다보니 애들있는집은 필히 다 사들고가세여ᆢ먹을거많이챙겨가시면 완벽합니다~^
애들은 낚시 잘안하니까 폰보고 먹고하는게다니 먹거리만 챙겨가세여~뜰채도챙기시고 잡아서 살려서가시려면 어망도챙기세여ᆢ저희는 어망없어서 다 죽었지만ㅋ
조림해먹고 매운탕도해먹었어여ㅋ
넥플도나와여 와이파이도 물론ㅋ  간만에 힐링했어여 참고로 화장실이 깨끗해서 좋았어여^^"
1054,K3바다낚시터,,"2번째방문이에여ᆢ주인아저씨분은 여전히친절하셨는데젊은남자분은 대화이어나기가 어렵더라구여ᆢ 할말만하시는 딱딱한ᆢ귀찮아하시는걸로 오해받으실거같아여ᆢ저희도 그만한 비용을지불하고가는건데
질문하나해도 제가미안한 기분이 드는건왜일까여; 조금만친절하심좋겠어여ᆢ낚시한번 오기까지 수억 드는 기분이네여ㅋ그래서 한마리라도 잡자하는
희망에왔지만ᆢ아쉽게도 한마리도못잡았어여ㅜ낚시는 운같아여 옆에분들은 잘잡으시고 불쌍한저희에게 한마리 주신분도있었어여 ^넘나감사드려여^^
입장할때부터 기분이 그래서 그랬나ᆢ 고기도못잡고 씁쓸했지만 다른분들은 잡았으니 다들 잘잡으실거같아여ᆢ
참!회떠주시는분 겁나친절하시고 공감대화해주고 좋아여~역시사람은 공감대화 짱~^웃는얼굴은 사람은 기분좋게합니다^"
1055,K3바다낚시터,,"요즘 자주가는 k3바다낚시터
고기 상태가 참좋습니다.
해넘어가는 모습이좋아 찍었네요"
1056,K3바다낚시터,,내가 가장 좋아하는곳.관리 너무 잘돼있고 화장실까지 이렇게 깨끗한곳 못봤어요.최고
1057,K3바다낚시터,,
1058,K3바다낚시터,,"걍 밤새 둘이서 한마리 잡고 양 옆,  맞은편 조사님들도 한마리도 못잡았습니다. 못잡은건 못잡은거고 입질조차 없었어요. 선상이나, 갯바위 민물도 아니고 가둬놓고 물고기 풀고 낚시하는곳에서 조황을 이야기 하는건 좀 안맞구요 방류를 더 하셔야 할듯합니다 인당 10만원이 넘는데 저희말고 다른팀도 한마리도 못잡아간거 보면 좀 ㅎㅎ"
1059,K3바다낚시터,,안나옴
1060,K3바다낚시터,,굿
1061,K3바다낚시터,,조용하고  쉬기좋은곳이네요 물고기도 다양하고 참좋아요
1062,K3바다낚시터,,굿
1063,M1971요트투어,,"7살 딸 아이와 돌고래 보자고해서 예약했던 투어인데, 다행스럽게도 많은 돌고래들이 반겨주어 하루종일 즐겁게 여행했습니다. 

10:30 타임 갔었는데 돌고래 많이 보고 왔어요. 
해안가 근처로 돌고래들이 이동을 하는지 그 경로 따라서 요트타고 쭉 갔다가 오는 루트입니다. 
돌고래를 보는건 사실 날씨나 여러가지 요인이 영향을 주겠지만, 일단 요트가 크기가 꽤나 커서 어린이와 타기에도 좋았습니다. 저희는 한번 탈 때 15-20명 가량 탑승했던것 같아요. "
1064,M1971요트투어,,친절하게 설명 해 주셔서 좋았어요. 운이 좋았는지 돌고래도 엄청 많이 봤습니다. 음료와 과자도 준비 돼 있어서 허기를 떼울 수 있었습니다. 추천해요!
1065,M1971요트투어,,"함께 여행간 큰 조카가 요트타고싶다고해서 예약했습니다. 일기예보가 안좋아서 못타는건 아닌지 걱정했지만 무사히 잘 탔고, 바다 깊이 들어가기전까지는 울렁임이 좀 심해서 어른들은 살짝 멀미가 났지만 놀이기구 타는것 마냥 신났어요! 정말정말정말 운이 좋게 10분도 안나가서 돌고래를 보고왔고, 여쭤보니 원래 가던방향이 아니라고 하셔서 또 운좋게 송악산 옆모습도 보고 돌고래를 정말 가까이서 볼 수있었습니다! 배쪽으로 왔다 갔어요>< 승선하신 직원분들은 베테랑이셨고 큰조카가 배에서 이동할때마다 손잡아주시고 조심하라고 말씀해주시고 여러가지 질문 물어보면 대답 엄청 친절하게 잘 해주셔서 만족도 120%입니다! 다음에 선셋투어 가보려구요!!! 잘보고왔습니다 감사합니다~"
1066,M1971요트투어,,"제주와서 돌고래 만났네요~ㅎ
7세아이도 어른도 다 좋은시간이였어요^^ 
안전도 신경써주시고 과자음료도 챙겨주셔서 
잘 보고 놀다왔어요~ "
1067,M1971요트투어,,밤사이 강풍이 잦아들어 M1971 요트투어 3시 20분배를 예약했습니다. 41명이 탑승했습니다. 돌고래들이 밥 먹으러 갔는지 지느러미만 몇개 보았습니다.  추천합니다.
1068,M1971요트투어,,돌고래를 이렇게나 가까이서 보다니 정말 너무 재밌고 좋았습니다!!! 직원분들이 계속 돌고래 위치도 알려주셔서 쉽게 찾을 수 있었고 돌고래가 나타나는 시간도 꽤 길어서 정말 돈이 아깝지않은 투어였습니다^^
1069,M1971요트투어,,너무 특별하고 좋은경험이었어요 바람이 너무 불어서 좀힘들긴했지만 너무 친절하게 설명해주시고 추울까봐 무릎담요 챙겨주시고 귀여운 고래들도 잠깐잠깐 나와서 인사도해주고 너무 좋았어요~~ 
1070,M1971요트투어,,돌고래보러 가는 내내 신나는 노래들으면서 가는데 설레였고~ 멀리서나마 돌고래들을 만날 수 있어서 새로운 경험했어요~ 가이드분들이 친절하게 돌고래들에 대한 설명해주셨고~ 바닷바람 쐬며 잠시나마 힐링까지 했네요~ 귀여운 돌고래들이 오래오래 제주에 머물러서 더 자주 보면 좋겠다는 생각이 들었어요! 인생에 한번쯤 돌고래요트투어 꼭 해보시길바라요:) 
1071,M1971요트투어,,아이가 정말 좋아했어요  요트 1층에는 과자랑 음료 간식도 준비되어 있어서 좋았어요  2층 뱃머리쪽 앉을수 있는 공간이 있는데 거기 앉아서 요트 질주의 스릴을 즐기는 것도 좋았고 돌고래가 가까이 오지는 않아 아쉬웠지만 멀리서 보는 야생 돌고래도 신기했어요 제주 여행 일정에 추천입니다
1072,M1971요트투어,,"운이 안 좋았는지 돌고래도 못보고 😭😭
더욱이 날씨도 안 좋아서 선셋도 제대로 못봤어요 흑
그래도 요트 컨디션도 좋고 탁 트인 바다뷰를 볼 수 있어 좋았네요 ~!
다만 함께해주신 요트 내 직원분?이 친절하지는 않았던 것 같아요
서비스하시는 분인데 표정이라도 밝으셨으면 어땠을까 싶네요"
